MapName,PlayerName,Team,EmblemForeground,EmblemBackground,PrimaryColor,SecondaryColor,TertiaryColor,QuaternaryColor,Timestamp,GameTimeMs,X,Y,Z,FacingYaw,FacingPitch,IsCrouching,IsAirborne,CurrentWeapon
Midship,iSiS RiNsY iSiS,_game_team_red,41,14,10,0,2,3,2025-12-09 23:16:32.558,8,-3.7182,-1.8055,2.2941,0.4920,-1.5708,False,True,Battle Rifle
Midship,iSiS RiNsY iSiS,_game_team_red,41,14,10,0,2,3,2025-12-09 23:16:34.581,2031,-3.0900,-0.2994,1.3278,0.1152,-1.5708,False,True,Battle Rifle
Midship,iSiS RiNsY iSiS,_game_team_red,41,14,10,0,2,3,2025-12-09 23:16:36.620,4070,-4.4330,-0.0792,1.2269,-0.2560,-1.5708,False,True,Battle Rifle
Midship,iSiS RiNsY iSiS,_game_team_red,41,14,10,0,2,3,2025-12-09 23:16:42.722,10172,11.9799,3.7801,0.0726,0.1962,1.5708,False,True,Battle Rifle
Midship,iSiS RiNsY iSiS,_game_team_red,41,14,10,0,2,3,2025-12-09 23:16:44.745,12196,11.8000,2.1056,2.3884,0.7042,1.5708,False,True,Battle Rifle
Midship,iSiS RiNsY iSiS,_game_team_red,41,14,10,0,2,3,2025-12-09 23:16:46.797,14247,9.8123,5.4671,2.3840,0.9938,1.5708,False,True,Battle Rifle
Midship,iSiS RiNsY iSiS,_game_team_red,41,14,10,0,2,3,2025-12-09 23:16:54.911,22361,-8.9096,6.7538,0.0026,0.1774,-1.5708,False,True,Battle Rifle
Midship,iSiS RiNsY iSiS,_game_team_red,41,14,10,0,2,3,2025-12-09 23:16:56.932,24382,-6.7679,9.3684,1.0846,0.9271,-1.5708,False,True,Battle Rifle
Midship,iSiS RiNsY iSiS,_game_team_red,41,14,10,0,2,3,2025-12-09 23:16:58.944,26394,-5.5542,12.7600,2.3645,0.3239,-1.5708,False,True,Battle Rifle
Midship,iSiS RiNsY iSiS,_game_team_red,41,14,10,0,2,3,2025-12-09 23:17:00.963,28414,-2.3375,14.2984,3.3863,-0.7866,-1.5708,False,True,Battle Rifle
Midship,iSiS RiNsY iSiS,_game_team_red,41,14,10,0,2,3,2025-12-09 23:17:03.018,30468,1.3627,14.2240,3.6652,0.1632,1.5708,False,True,Battle Rifle
Midship,iSiS RiNsY iSiS,_game_team_red,41,14,10,0,2,3,2025-12-09 23:17:05.038,32488,4.9560,15.1176,4.3119,-0.9431,1.5708,False,True,Battle Rifle
Midship,iSiS RiNsY iSiS,_game_team_red,41,14,10,0,2,3,2025-12-09 23:17:07.126,34576,2.5787,15.3913,6.1533,-0.7298,1.5708,False,True,Battle Rifle
Midship,iSiS RiNsY iSiS,_game_team_red,41,14,10,0,2,3,2025-12-09 23:17:09.140,36590,-1.1423,14.4694,7.1371,-0.5165,-1.5708,False,True,Battle Rifle
Midship,iSiS RiNsY iSiS,_game_team_red,41,14,10,0,2,3,2025-12-09 23:17:11.154,38605,-3.5752,14.5408,3.1421,0.4414,-1.5708,False,True,Battle Rifle
Midship,iSiS RiNsY iSiS,_game_team_red,41,14,10,0,2,3,2025-12-09 23:17:13.168,40618,0.3056,15.6945,3.7058,0.9672,0.4056,False,True,Battle Rifle
Midship,iSiS RiNsY iSiS,_game_team_red,41,14,10,0,2,3,2025-12-09 23:17:15.208,42658,3.2148,14.6514,3.5108,-0.8660,1.5708,False,True,Battle Rifle
Midship,iSiS RiNsY iSiS,_game_team_red,41,14,10,0,2,3,2025-12-09 23:17:17.238,44688,4.2037,15.0292,4.2939,-0.1695,1.5708,False,True,Battle Rifle
Midship,iSiS RiNsY iSiS,_game_team_red,41,14,10,0,2,3,2025-12-09 23:17:19.274,46724,0.4460,14.2116,4.7104,0.1608,0.2968,False,True,Battle Rifle
Midship,iSiS RiNsY iSiS,_game_team_red,41,14,10,0,2,3,2025-12-09 23:17:21.292,48742,-3.7151,14.5354,4.0086,-0.9036,-1.5708,False,True,Battle Rifle
Midship,iSiS RiNsY iSiS,_game_team_red,41,14,10,0,2,3,2025-12-09 23:17:23.316,50767,-4.5456,14.4203,3.2309,-0.2041,-1.5708,False,True,Battle Rifle
Midship,iSiS RiNsY iSiS,_game_team_red,41,14,10,0,2,3,2025-12-09 23:17:25.330,52780,-0.7457,14.2547,4.2338,-0.0881,-0.6327,False,True,Battle Rifle
Midship,iSiS RiNsY iSiS,_game_team_red,41,14,10,0,2,3,2025-12-09 23:17:27.363,54813,3.4916,14.1155,2.9942,-0.9166,1.5708,False,True,Battle Rifle
Midship,iSiS RiNsY iSiS,_game_team_red,41,14,10,0,2,3,2025-12-09 23:17:29.395,56846,5.2715,15.3054,4.3537,-0.9551,1.5708,False,True,Battle Rifle
Midship,iSiS RiNsY iSiS,_game_team_red,41,14,10,0,2,3,2025-12-09 23:17:31.424,58875,4.5751,15.9108,4.9929,-0.2294,1.5708,False,True,Battle Rifle
Midship,iSiS RiNsY iSiS,_game_team_red,41,14,10,0,2,3,2025-12-09 23:17:33.445,60895,2.7199,15.5978,6.5346,-0.5699,1.5708,False,True,Battle Rifle
Midship,iSiS RiNsY iSiS,_game_team_red,41,14,10,0,2,3,2025-12-09 23:17:35.504,62954,-0.7143,16.0442,6.9467,0.5743,-0.8918,False,True,Battle Rifle
Midship,iSiS RiNsY iSiS,_game_team_red,41,14,10,0,2,3,2025-12-09 23:17:37.538,64988,-3.3989,15.2806,4.9982,-0.6386,-1.5708,False,True,Battle Rifle
Midship,iSiS RiNsY iSiS,_game_team_red,41,14,10,0,2,3,2025-12-09 23:17:39.599,67049,-3.1860,13.7228,3.0310,0.0705,-1.5708,False,True,Battle Rifle
Midship,iSiS RiNsY iSiS,_game_team_red,41,14,10,0,2,3,2025-12-09 23:17:41.642,69093,0.5473,14.6592,3.9235,-0.4067,0.7969,False,True,Battle Rifle
Midship,iSiS RiNsY iSiS,_game_team_red,41,14,10,0,2,3,2025-12-09 23:17:43.673,71124,2.3021,14.0763,3.4622,-0.2455,1.5708,False,True,Battle Rifle
Midship,iSiS RiNsY iSiS,_game_team_red,41,14,10,0,2,3,2025-12-09 23:17:46.655,74106,3.3616,16.4311,5.6158,-0.1574,1.5708,False,True,Battle Rifle
Midship,iSiS RiNsY iSiS,_game_team_red,41,14,10,0,2,3,2025-12-09 23:17:48.688,76139,0.1309,13.7577,6.1629,-0.0146,-0.0174,False,True,Battle Rifle
Midship,iSiS RiNsY iSiS,_game_team_red,41,14,10,0,2,3,2025-12-09 23:17:50.756,78206,-1.5052,13.3256,5.8329,0.5061,-1.5708,False,True,Battle Rifle
Midship,iSiS RiNsY iSiS,_game_team_red,41,14,10,0,2,3,2025-12-09 23:17:52.973,80423,-1.9782,14.8009,5.5926,-0.7105,-1.5708,False,True,Battle Rifle
Midship,iSiS RiNsY iSiS,_game_team_red,41,14,10,0,2,3,2025-12-09 23:18:01.417,88868,11.5021,3.6159,0.0587,-0.6448,1.5708,False,True,Battle Rifle
Midship,iSiS RiNsY iSiS,_game_team_red,41,14,10,0,2,3,2025-12-09 23:18:03.524,90975,12.0410,2.9674,3.0474,0.7933,1.5708,False,True,Battle Rifle
Midship,iSiS RiNsY iSiS,_game_team_red,41,14,10,0,2,3,2025-12-09 23:18:05.735,93185,10.5236,3.6402,2.3193,-0.8686,1.5708,False,True,Battle Rifle
Midship,iSiS RiNsY iSiS,_game_team_red,41,14,10,0,2,3,2025-12-09 23:18:07.784,95234,8.3091,0.0504,1.7079,-0.7301,1.5708,False,True,Battle Rifle
Midship,iSiS RiNsY iSiS,_game_team_red,41,14,10,0,2,3,2025-12-09 23:18:10.651,98101,4.8435,-0.9436,1.2629,-0.0050,1.5708,False,True,Battle Rifle
Midship,iSiS RiNsY iSiS,_game_team_red,41,14,10,0,2,3,2025-12-09 23:18:12.693,100143,5.6923,-1.0876,1.4738,-0.8138,1.5708,False,True,Battle Rifle
Midship,iSiS RiNsY iSiS,_game_team_red,41,14,10,0,2,3,2025-12-09 23:18:14.804,102254,0.9738,-3.5799,3.7067,0.1501,0.9648,False,True,Battle Rifle
Midship,iSiS RiNsY iSiS,_game_team_red,41,14,10,0,2,3,2025-12-09 23:18:16.820,104270,2.0822,-3.4209,3.3339,0.9582,1.5708,False,True,Battle Rifle
Midship,iSiS RiNsY iSiS,_game_team_red,41,14,10,0,2,3,2025-12-09 23:18:19.000,106450,1.7716,-1.3912,3.2717,0.2642,1.5708,False,True,Battle Rifle
Midship,iSiS RiNsY iSiS,_game_team_red,41,14,10,0,2,3,2025-12-09 23:18:21.190,108641,1.5797,-1.6641,1.9140,-0.0710,1.5708,False,True,Battle Rifle
Midship,iSiS RiNsY iSiS,_game_team_red,41,14,10,0,2,3,2025-12-09 23:18:23.215,110665,-0.0303,0.2345,1.4774,-0.1905,0.0120,False,True,Battle Rifle
Midship,iSiS RiNsY iSiS,_game_team_red,41,14,10,0,2,3,2025-12-09 23:18:25.414,112864,1.7132,-3.3758,1.4463,0.3749,1.5708,False,True,Battle Rifle
Midship,iSiS RiNsY iSiS,_game_team_red,41,14,10,0,2,3,2025-12-09 23:18:27.733,115184,0.1765,-3.5765,2.4395,0.7369,0.1266,False,True,Battle Rifle
Midship,iSiS RiNsY iSiS,_game_team_red,41,14,10,0,2,3,2025-12-09 23:18:29.957,117407,0.6162,-2.8038,1.4648,0.2482,0.7974,False,True,Battle Rifle
Midship,iSiS RiNsY iSiS,_game_team_red,41,14,10,0,2,3,2025-12-09 23:18:31.987,119437,2.9485,-1.5210,1.4564,0.8637,1.5708,False,True,Battle Rifle
Midship,iSiS RiNsY iSiS,_game_team_red,41,14,10,0,2,3,2025-12-09 23:18:34.010,121461,5.6073,2.0893,0.5024,0.9121,1.5708,False,True,Battle Rifle
Midship,iSiS RiNsY iSiS,_game_team_red,41,14,10,0,2,3,2025-12-09 23:18:40.865,128316,10.6860,3.7676,0.0778,-0.6318,1.5708,False,True,Battle Rifle
Midship,iSiS RiNsY iSiS,_game_team_red,41,14,10,0,2,3,2025-12-09 23:18:42.888,130338,12.5802,3.0407,1.4891,0.9244,1.5708,False,True,Battle Rifle
Midship,iSiS RiNsY iSiS,_game_team_red,41,14,10,0,2,3,2025-12-09 23:18:44.985,132436,11.2815,5.3794,0.0910,0.6371,1.5708,False,True,Battle Rifle
Midship,iSiS RiNsY iSiS,_game_team_red,41,14,10,0,2,3,2025-12-09 23:18:47.005,134455,8.0426,7.5620,0.0301,0.7564,1.5708,False,True,Battle Rifle
Midship,iSiS RiNsY iSiS,_game_team_red,41,14,10,0,2,3,2025-12-09 23:18:49.028,136479,6.1781,10.0711,1.2563,0.8464,1.5708,False,True,Battle Rifle
Midship,iSiS RiNsY iSiS,_game_team_red,41,14,10,0,2,3,2025-12-09 23:18:51.276,138726,2.8085,13.8917,3.1933,0.3282,1.5708,False,True,Battle Rifle
Midship,iSiS RiNsY iSiS,_game_team_red,41,14,10,0,2,3,2025-12-09 23:18:53.488,140938,-0.3043,12.1180,3.6662,-0.6208,-0.4339,False,True,Battle Rifle
Midship,iSiS RiNsY iSiS,_game_team_red,41,14,10,0,2,3,2025-12-09 23:18:55.514,142964,-1.1225,11.7888,3.6566,-0.8972,-1.5708,False,True,Battle Rifle
Midship,iSiS RiNsY iSiS,_game_team_red,41,14,10,0,2,3,2025-12-09 23:18:57.701,145151,-0.1599,9.4247,-0.0067,0.1921,-0.0079,False,True,Battle Rifle
Midship,iSiS RiNsY iSiS,_game_team_red,41,14,10,0,2,3,2025-12-09 23:18:59.790,147240,3.5154,10.8499,0.8122,-0.3628,1.5708,False,True,Battle Rifle
Midship,iSiS RiNsY iSiS,_game_team_red,41,14,10,0,2,3,2025-12-09 23:19:01.887,149338,7.0361,9.4705,2.4188,-0.2083,1.5708,False,True,Battle Rifle
Midship,iSiS RiNsY iSiS,_game_team_red,41,14,10,0,2,3,2025-12-09 23:19:03.905,151355,9.8853,7.6859,2.2352,0.4334,1.5708,False,True,Battle Rifle
Midship,iSiS RiNsY iSiS,_game_team_red,41,14,10,0,2,3,2025-12-09 23:19:06.380,153831,7.6118,9.4296,2.2936,-0.9280,1.5708,False,True,Battle Rifle
Midship,iSiS RiNsY iSiS,_game_team_red,41,14,10,0,2,3,2025-12-09 23:19:08.420,155871,5.6573,10.5115,1.2513,0.6971,1.5708,False,True,Battle Rifle
Midship,iSiS RiNsY iSiS,_game_team_red,41,14,10,0,2,3,2025-12-09 23:19:10.462,157912,3.5469,13.6891,2.9100,0.2679,1.5708,False,True,Battle Rifle
Midship,iSiS RiNsY iSiS,_game_team_red,41,14,10,0,2,3,2025-12-09 23:19:12.894,160344,0.1397,15.6564,3.5932,-0.6816,0.1306,False,True,Battle Rifle
Midship,iSiS RiNsY iSiS,_game_team_red,41,14,10,0,2,3,2025-12-09 23:19:14.920,162370,2.5533,14.7936,3.3592,-0.3580,1.5708,False,True,Battle Rifle
Midship,iSiS RiNsY iSiS,_game_team_red,41,14,10,0,2,3,2025-12-09 23:19:17.141,164591,6.1339,12.4327,2.3967,-0.9973,1.5708,False,True,Battle Rifle
Midship,iSiS RiNsY iSiS,_game_team_red,41,14,10,0,2,3,2025-12-09 23:19:19.198,166648,4.7220,14.0625,2.4075,-0.9006,1.5708,False,True,Battle Rifle
Midship,iSiS RiNsY iSiS,_game_team_red,41,14,10,0,2,3,2025-12-09 23:19:27.828,175279,-8.9820,8.5963,2.1148,-0.8857,-1.5708,False,True,Battle Rifle
Midship,iSiS RiNsY iSiS,_game_team_red,41,14,10,0,2,3,2025-12-09 23:19:29.949,177400,-8.6496,10.3453,1.4456,-0.9745,-1.5708,False,True,Battle Rifle
Midship,iSiS RiNsY iSiS,_game_team_red,41,14,10,0,2,3,2025-12-09 23:19:31.968,179418,-8.6257,10.0869,1.5410,-0.9745,-1.5708,False,True,Battle Rifle
Midship,iSiS RiNsY iSiS,_game_team_red,41,14,10,0,2,3,2025-12-09 23:19:35.334,182784,-8.6162,9.6054,2.1421,-0.9745,-1.5708,False,True,Magnum
Midship,EpiiiC,_game_team_blue,52,14,12,0,1,0,2025-12-09 23:16:36.620,4070,11.7069,2.1963,0.9395,0.8924,1.5708,False,True,Battle Rifle
Midship,EpiiiC,_game_team_blue,52,14,12,0,1,0,2025-12-09 23:16:38.659,6109,10.1991,4.9023,3.6272,-0.1426,1.5708,False,True,Battle Rifle
Midship,EpiiiC,_game_team_blue,52,14,12,0,1,0,2025-12-09 23:16:40.675,8125,7.8385,4.2294,2.2518,-0.1342,1.5708,False,True,Battle Rifle
Midship,EpiiiC,_game_team_blue,52,14,12,0,1,0,2025-12-09 23:16:42.722,10172,7.1213,5.5054,2.2823,-0.7015,1.5708,False,True,Battle Rifle
Midship,EpiiiC,_game_team_blue,52,14,12,0,1,0,2025-12-09 23:16:44.745,12196,7.6495,6.3961,2.2494,-0.8162,1.5708,False,True,Battle Rifle
Midship,EpiiiC,_game_team_blue,52,14,12,0,1,0,2025-12-09 23:16:46.797,14247,8.9260,6.1636,2.2767,-0.6219,1.5708,False,True,Battle Rifle
Midship,EpiiiC,_game_team_blue,52,14,12,0,1,0,2025-12-09 23:16:48.818,16268,7.5947,5.0212,2.2248,-0.8906,1.5708,False,True,Battle Rifle
Midship,EpiiiC,_game_team_blue,52,14,12,0,1,0,2025-12-09 23:16:50.846,18297,6.9421,5.6841,2.2516,-0.9597,1.5708,False,True,Battle Rifle
Midship,EpiiiC,_game_team_blue,52,14,12,0,1,0,2025-12-09 23:16:52.884,20334,7.4571,6.4539,2.2264,-0.6639,1.5708,False,True,Battle Rifle
Midship,EpiiiC,_game_team_blue,52,14,12,0,1,0,2025-12-09 23:16:54.911,22361,8.2861,9.5598,1.6777,0.6809,1.5708,False,True,Battle Rifle
Midship,EpiiiC,_game_team_blue,52,14,12,0,1,0,2025-12-09 23:16:56.932,24382,6.4305,13.3346,1.5410,0.6492,1.5708,False,True,Battle Rifle
Midship,EpiiiC,_game_team_blue,52,14,12,0,1,0,2025-12-09 23:16:58.944,26394,2.8114,14.8548,3.7564,-0.0946,1.5708,False,True,Battle Rifle
Midship,EpiiiC,_game_team_blue,52,14,12,0,1,0,2025-12-09 23:17:07.126,34576,8.5769,9.3697,1.7873,0.7920,1.5708,False,True,Battle Rifle
Midship,EpiiiC,_game_team_blue,52,14,12,0,1,0,2025-12-09 23:17:09.140,36590,5.7728,12.4341,1.6109,0.8760,1.5708,False,True,Battle Rifle
Midship,EpiiiC,_game_team_blue,52,14,12,0,1,0,2025-12-09 23:17:11.154,38605,2.8839,14.8284,3.2175,0.1941,1.5708,False,True,Battle Rifle
Midship,EpiiiC,_game_team_blue,52,14,12,0,1,0,2025-12-09 23:17:19.274,46724,0.2595,-3.0415,3.6824,0.9995,0.2639,False,True,Battle Rifle
Midship,EpiiiC,_game_team_blue,52,14,12,0,1,0,2025-12-09 23:17:21.292,48742,-0.0261,-1.4021,3.6515,0.7219,-0.0064,False,True,Battle Rifle
Midship,EpiiiC,_game_team_blue,52,14,12,0,1,0,2025-12-09 23:17:23.316,50767,-0.4269,-1.6898,3.6381,0.9186,-0.4649,False,True,Battle Rifle
Midship,EpiiiC,_game_team_blue,52,14,12,0,1,0,2025-12-09 23:17:25.330,52780,-0.3319,-4.3995,3.6525,0.7094,-0.3310,False,True,Battle Rifle
Midship,EpiiiC,_game_team_blue,52,14,12,0,1,0,2025-12-09 23:17:27.363,54813,-1.0484,-4.8748,3.6377,-0.2831,-1.5708,False,True,Battle Rifle
Midship,EpiiiC,_game_team_blue,52,14,12,0,1,0,2025-12-09 23:17:29.395,56846,-1.6409,-3.6739,3.5827,-0.9952,-1.5708,False,True,Battle Rifle
Midship,EpiiiC,_game_team_blue,52,14,12,0,1,0,2025-12-09 23:17:31.424,58875,-0.9517,-3.4209,3.6501,0.1672,-1.1587,False,True,Battle Rifle
Midship,EpiiiC,_game_team_blue,52,14,12,0,1,0,2025-12-09 23:17:39.599,67049,-1.9151,11.9573,0.2348,0.0584,-1.5708,False,True,Battle Rifle
Midship,EpiiiC,_game_team_blue,52,14,12,0,1,0,2025-12-09 23:17:41.642,69093,-5.2860,11.9295,1.8505,0.7110,-1.5708,False,True,Battle Rifle
Midship,EpiiiC,_game_team_blue,52,14,12,0,1,0,2025-12-09 23:17:43.673,71124,-6.7486,11.5360,1.2506,0.3026,-1.5708,False,True,Battle Rifle
Midship,EpiiiC,_game_team_blue,52,14,12,0,1,0,2025-12-09 23:17:46.655,74106,-8.6009,6.1622,2.2755,-0.7938,-1.5708,False,True,Battle Rifle
Midship,EpiiiC,_game_team_blue,52,14,12,0,1,0,2025-12-09 23:17:48.688,76139,-9.0529,5.7269,2.2482,0.1257,-1.5708,False,True,Battle Rifle
Midship,EpiiiC,_game_team_blue,52,14,12,0,1,0,2025-12-09 23:17:50.756,78206,-11.1983,5.6806,2.2648,0.4671,-1.5708,False,True,Battle Rifle
Midship,EpiiiC,_game_team_blue,52,14,12,0,1,0,2025-12-09 23:17:52.973,80423,-9.5223,7.4461,2.2605,0.7023,-1.5708,False,True,Battle Rifle
Midship,EpiiiC,_game_team_blue,52,14,12,0,1,0,2025-12-09 23:17:54.996,82447,-8.2232,8.9012,1.8595,0.7906,-1.5708,False,True,Battle Rifle
Midship,EpiiiC,_game_team_blue,52,14,12,0,1,0,2025-12-09 23:17:57.015,84466,-8.7191,9.2504,1.8351,-0.9343,-1.5708,False,True,Battle Rifle
Midship,EpiiiC,_game_team_blue,52,14,12,0,1,0,2025-12-09 23:17:59.246,86696,-7.5859,6.8079,2.2444,-0.8424,-1.5708,False,True,Battle Rifle
Midship,EpiiiC,_game_team_blue,52,14,12,0,1,0,2025-12-09 23:18:01.417,88868,-7.0733,5.6072,2.2436,-0.6739,-1.5708,False,True,Battle Rifle
Midship,EpiiiC,_game_team_blue,52,14,12,0,1,0,2025-12-09 23:18:10.651,98101,-11.4866,5.8184,0.0620,-0.9734,-1.5708,False,True,Battle Rifle
Midship,EpiiiC,_game_team_blue,52,14,12,0,1,0,2025-12-09 23:18:12.693,100143,-10.7576,2.4075,-0.0346,-0.6568,-1.5708,False,True,Battle Rifle
Midship,EpiiiC,_game_team_blue,52,14,12,0,1,0,2025-12-09 23:18:14.804,102254,-11.7061,3.8992,2.2771,0.8817,-1.5708,False,True,Battle Rifle
Midship,EpiiiC,_game_team_blue,52,14,12,0,1,0,2025-12-09 23:18:16.820,104270,-10.6959,2.8255,2.2504,-0.4628,-1.5708,False,True,Battle Rifle
Midship,EpiiiC,_game_team_blue,52,14,12,0,1,0,2025-12-09 23:18:19.000,106450,-7.6912,-0.6949,1.4620,-0.7227,-1.5708,False,True,Battle Rifle
Midship,EpiiiC,_game_team_blue,52,14,12,0,1,0,2025-12-09 23:18:21.190,108641,-4.7647,-1.7270,1.8603,-0.8828,-1.5708,False,True,Battle Rifle
Midship,EpiiiC,_game_team_blue,52,14,12,0,1,0,2025-12-09 23:18:23.215,110665,-3.7066,-1.6188,1.2469,0.5467,-1.5708,False,True,Battle Rifle
Midship,EpiiiC,_game_team_blue,52,14,12,0,1,0,2025-12-09 23:18:29.957,117407,5.4841,5.6160,0.1213,0.0000,1.5708,False,True,Battle Rifle
Midship,EpiiiC,_game_team_blue,52,14,12,0,1,0,2025-12-09 23:18:31.987,119437,6.8257,7.3744,0.1681,0.9877,1.5708,False,True,Battle Rifle
Midship,EpiiiC,_game_team_blue,52,14,12,0,1,0,2025-12-09 23:18:34.010,121461,6.9112,10.8086,1.3582,-0.8395,1.5708,False,True,Battle Rifle
Midship,EpiiiC,_game_team_blue,52,14,12,0,1,0,2025-12-09 23:18:36.187,123637,9.4493,9.1537,1.9488,-0.9329,1.5708,False,True,Battle Rifle
Midship,EpiiiC,_game_team_blue,52,14,12,0,1,0,2025-12-09 23:18:38.235,125686,7.2864,7.0681,2.2357,-0.9677,1.5708,False,True,Battle Rifle
Midship,EpiiiC,_game_team_blue,52,14,12,0,1,0,2025-12-09 23:18:40.865,128316,8.7034,5.3730,2.2349,0.9998,1.5708,False,True,Battle Rifle
Midship,EpiiiC,_game_team_blue,52,14,12,0,1,0,2025-12-09 23:18:42.888,130338,11.2293,5.9097,2.2539,0.9881,1.5708,False,True,Battle Rifle
Midship,EpiiiC,_game_team_blue,52,14,12,0,1,0,2025-12-09 23:18:44.985,132436,12.1771,7.5745,2.2347,-0.9918,1.5708,False,True,Battle Rifle
Midship,EpiiiC,_game_team_blue,52,14,12,0,1,0,2025-12-09 23:18:47.005,134455,8.8308,6.7181,2.2827,-0.1619,1.5708,False,True,Battle Rifle
Midship,EpiiiC,_game_team_blue,52,14,12,0,1,0,2025-12-09 23:18:49.028,136479,6.7612,6.3150,2.2577,-0.5458,1.5708,False,True,Battle Rifle
Midship,EpiiiC,_game_team_blue,52,14,12,0,1,0,2025-12-09 23:18:51.276,138726,6.7408,6.4405,2.2594,-0.9833,1.5708,False,True,Battle Rifle
Midship,EpiiiC,_game_team_blue,52,14,12,0,1,0,2025-12-09 23:18:53.488,140938,6.7259,6.6966,2.2460,-0.9056,1.5708,False,True,Battle Rifle
Midship,EpiiiC,_game_team_blue,52,14,12,0,1,0,2025-12-09 23:18:55.514,142964,6.7170,6.7362,2.2597,-0.9558,1.5708,False,True,Battle Rifle
Midship,EpiiiC,_game_team_blue,52,14,12,0,1,0,2025-12-09 23:19:01.887,149338,-1.3868,-0.7959,1.5042,-0.7618,-1.5708,False,True,Battle Rifle
Midship,EpiiiC,_game_team_blue,52,14,12,0,1,0,2025-12-09 23:19:03.905,151355,1.0698,-0.1641,2.5912,-0.4241,1.5708,False,True,Battle Rifle
Midship,EpiiiC,_game_team_blue,52,14,12,0,1,0,2025-12-09 23:19:06.380,153831,0.1905,-2.6031,3.6141,0.2210,0.2527,False,True,Battle Rifle
Midship,EpiiiC,_game_team_blue,52,14,12,0,1,0,2025-12-09 23:19:08.420,155871,0.5270,-3.1658,3.6466,-0.2306,0.5635,False,True,Battle Rifle
Midship,EpiiiC,_game_team_blue,52,14,12,0,1,0,2025-12-09 23:19:10.462,157912,1.2535,-3.8395,4.5987,-0.2855,1.5708,False,True,Battle Rifle
Midship,EpiiiC,_game_team_blue,52,14,12,0,1,0,2025-12-09 23:19:12.894,160344,4.7751,-4.5586,3.6219,0.9910,1.5708,False,True,Battle Rifle
Midship,EpiiiC,_game_team_blue,52,14,12,0,1,0,2025-12-09 23:19:14.920,162370,5.3878,-4.3005,4.1117,0.4018,1.5708,False,True,Battle Rifle
Midship,EpiiiC,_game_team_blue,52,14,12,0,1,0,2025-12-09 23:19:17.141,164591,4.4157,-3.0670,3.1303,-0.0521,1.5708,False,True,Battle Rifle
Midship,EpiiiC,_game_team_blue,52,14,12,0,1,0,2025-12-09 23:19:19.198,166648,4.2659,0.1367,1.2588,0.4283,1.5708,False,True,Battle Rifle
Midship,EpiiiC,_game_team_blue,52,14,12,0,1,0,2025-12-09 23:19:21.237,168687,1.0363,-1.8219,1.4489,-0.2559,1.2522,False,True,Battle Rifle
Midship,EpiiiC,_game_team_blue,52,14,12,0,1,0,2025-12-09 23:19:23.513,170963,0.3452,-3.9304,2.5338,0.6309,0.4610,False,True,Battle Rifle
Midship,roasted,_game_team_yellow,22,14,1,2,0,2,2025-12-09 23:16:32.558,8,-5.2792,2.4634,0.3387,0.9780,-1.5708,True,True,Battle Rifle
Midship,roasted,_game_team_yellow,22,14,1,2,0,2,2025-12-09 23:16:34.581,2031,-5.2792,2.4634,0.3387,0.9780,-1.5708,True,True,Battle Rifle
Midship,roasted,_game_team_yellow,22,14,1,2,0,2,2025-12-09 23:16:36.620,4070,-5.2792,2.4634,0.3387,0.9780,-1.5708,True,True,Battle Rifle
Midship,roasted,_game_team_yellow,22,14,1,2,0,2,2025-12-09 23:16:38.659,6109,-5.2792,2.4634,0.3387,0.9780,-1.5708,True,True,Battle Rifle
Midship,roasted,_game_team_yellow,22,14,1,2,0,2,2025-12-09 23:16:46.797,14247,3.7134,8.5589,0.0683,-0.3163,1.5708,True,True,Battle Rifle
Midship,roasted,_game_team_yellow,22,14,1,2,0,2,2025-12-09 23:16:48.818,16268,3.7134,8.5589,0.0683,-0.3163,1.5708,True,True,Battle Rifle
Midship,roasted,_game_team_yellow,22,14,1,2,0,2,2025-12-09 23:16:50.846,18297,3.7134,8.5589,0.0683,-0.3163,1.5708,True,True,Battle Rifle
Midship,roasted,_game_team_yellow,22,14,1,2,0,2,2025-12-09 23:16:52.884,20334,3.7134,8.5589,0.0683,-0.3163,1.5708,True,True,Battle Rifle
Midship,roasted,_game_team_yellow,22,14,1,2,0,2,2025-12-09 23:16:54.911,22361,3.7134,8.5589,0.0683,-0.3163,1.5708,True,True,Battle Rifle
Midship,roasted,_game_team_yellow,22,14,1,2,0,2,2025-12-09 23:16:56.932,24382,3.7134,8.5589,0.0683,-0.3163,1.5708,True,True,Battle Rifle
Midship,roasted,_game_team_yellow,22,14,1,2,0,2,2025-12-09 23:16:58.944,26394,3.7134,8.5589,0.0683,-0.3163,1.5708,True,True,Battle Rifle
Midship,roasted,_game_team_yellow,22,14,1,2,0,2,2025-12-09 23:17:00.963,28414,3.7134,8.5589,0.0683,-0.3163,1.5708,True,True,Battle Rifle
Midship,roasted,_game_team_yellow,22,14,1,2,0,2,2025-12-09 23:17:03.018,30468,3.7134,8.5589,0.0683,-0.3163,1.5708,True,True,Battle Rifle
Midship,roasted,_game_team_yellow,22,14,1,2,0,2,2025-12-09 23:17:05.038,32488,3.7134,8.5589,0.0683,-0.3163,1.5708,True,True,Battle Rifle
Midship,roasted,_game_team_yellow,22,14,1,2,0,2,2025-12-09 23:17:07.126,34576,3.7003,8.5546,0.0683,-0.3163,1.5708,True,True,Battle Rifle
Midship,roasted,_game_team_yellow,22,14,1,2,0,2,2025-12-09 23:17:15.208,42658,8.7052,0.4798,1.9059,0.9527,1.5708,True,True,Battle Rifle
Midship,roasted,_game_team_yellow,22,14,1,2,0,2,2025-12-09 23:17:17.238,44688,8.7052,0.4798,1.9059,0.9527,1.5708,True,True,Battle Rifle
Midship,roasted,_game_team_yellow,22,14,1,2,0,2,2025-12-09 23:17:19.274,46724,8.7052,0.4798,1.9059,0.9527,1.5708,True,True,Battle Rifle
Midship,roasted,_game_team_yellow,22,14,1,2,0,2,2025-12-09 23:17:21.292,48742,8.6948,0.3433,1.8849,0.9527,1.5708,True,True,Battle Rifle
Midship,roasted,_game_team_yellow,22,14,1,2,0,2,2025-12-09 23:17:27.363,54813,-8.7812,9.1853,1.9152,0.0000,-1.5708,True,True,Guardians
Midship,roasted,_game_team_yellow,22,14,1,2,0,2,2025-12-09 23:17:29.395,56846,-8.7818,9.1927,1.8912,-0.9365,-1.5708,True,True,Battle Rifle
Midship,roasted,_game_team_yellow,22,14,1,2,0,2,2025-12-09 23:17:31.424,58875,-7.9962,10.5201,1.2947,0.3567,-1.5708,True,True,Battle Rifle
Midship,roasted,_game_team_yellow,22,14,1,2,0,2,2025-12-09 23:17:33.445,60895,-9.2542,9.3272,1.8523,-0.7656,-1.5708,True,True,Battle Rifle
Midship,roasted,_game_team_yellow,22,14,1,2,0,2,2025-12-09 23:17:35.504,62954,-9.0468,9.3076,1.8531,-0.7813,-1.5708,True,True,Battle Rifle
Midship,roasted,_game_team_yellow,22,14,1,2,0,2,2025-12-09 23:17:37.538,64988,-8.6137,7.4139,2.2394,0.9235,-1.5708,True,True,Battle Rifle
Midship,roasted,_game_team_yellow,22,14,1,2,0,2,2025-12-09 23:17:46.655,74106,2.6890,12.4786,0.3386,-0.3163,1.5708,True,True,Battle Rifle
Midship,roasted,_game_team_yellow,22,14,1,2,0,2,2025-12-09 23:17:48.688,76139,2.6890,12.4786,0.3386,-0.3163,1.5708,True,True,Battle Rifle
Midship,roasted,_game_team_yellow,22,14,1,2,0,2,2025-12-09 23:17:50.756,78206,2.6890,12.4786,0.3386,-0.3163,1.5708,True,True,Battle Rifle
Midship,roasted,_game_team_yellow,22,14,1,2,0,2,2025-12-09 23:17:52.973,80423,2.6890,12.4786,0.3386,-0.3163,1.5708,True,True,Battle Rifle
Midship,roasted,_game_team_yellow,22,14,1,2,0,2,2025-12-09 23:17:54.996,82447,2.6890,12.4786,0.3386,-0.3163,1.5708,True,True,Battle Rifle
Midship,roasted,_game_team_yellow,22,14,1,2,0,2,2025-12-09 23:17:57.015,84466,2.6890,12.4786,0.3386,-0.3163,1.5708,True,True,Battle Rifle
Midship,roasted,_game_team_yellow,22,14,1,2,0,2,2025-12-09 23:17:59.246,86696,2.6890,12.4786,0.3386,-0.3163,1.5708,True,True,Battle Rifle
Midship,roasted,_game_team_yellow,22,14,1,2,0,2,2025-12-09 23:18:01.417,88868,2.6890,12.4786,0.3386,-0.3163,1.5708,True,True,Battle Rifle
Midship,roasted,_game_team_yellow,22,14,1,2,0,2,2025-12-09 23:18:03.524,90975,2.6890,12.4786,0.3386,-0.3163,1.5708,True,True,Battle Rifle
Midship,roasted,_game_team_yellow,22,14,1,2,0,2,2025-12-09 23:18:05.735,93185,2.6890,12.4786,0.3386,-0.3163,1.5708,True,True,Battle Rifle
Midship,roasted,_game_team_yellow,22,14,1,2,0,2,2025-12-09 23:18:07.784,95234,2.6890,12.4786,0.3386,-0.3163,1.5708,True,True,Battle Rifle
Midship,roasted,_game_team_yellow,22,14,1,2,0,2,2025-12-09 23:18:10.651,98101,2.6890,12.4786,0.3386,-0.3163,1.5708,True,True,Battle Rifle
Midship,roasted,_game_team_yellow,22,14,1,2,0,2,2025-12-09 23:18:12.693,100143,2.6885,12.4795,0.3276,-0.9999,1.5708,True,True,Battle Rifle
Midship,roasted,_game_team_yellow,22,14,1,2,0,2,2025-12-09 23:18:14.804,102254,3.0941,11.7331,0.5397,-0.3132,1.5708,True,True,Battle Rifle
Midship,roasted,_game_team_yellow,22,14,1,2,0,2,2025-12-09 23:18:16.820,104270,6.9859,11.4732,1.2561,-0.8308,1.5708,True,True,Battle Rifle
Midship,roasted,_game_team_yellow,22,14,1,2,0,2,2025-12-09 23:18:19.000,106450,9.4206,9.0316,1.9775,-0.9332,1.5708,True,True,Battle Rifle
Midship,roasted,_game_team_yellow,22,14,1,2,0,2,2025-12-09 23:18:21.190,108641,7.7774,10.3889,1.2599,-0.1167,1.5708,True,True,Battle Rifle
Midship,roasted,_game_team_yellow,22,14,1,2,0,2,2025-12-09 23:18:23.215,110665,7.6314,9.3775,2.2706,-0.3944,1.5708,True,True,Battle Rifle
Midship,roasted,_game_team_yellow,22,14,1,2,0,2,2025-12-09 23:18:25.414,112864,7.6385,10.1746,1.4730,-0.8096,1.5708,True,True,Battle Rifle
Midship,roasted,_game_team_yellow,22,14,1,2,0,2,2025-12-09 23:18:27.733,115184,10.1087,7.4739,2.2337,-0.3639,1.5708,True,True,Battle Rifle
Midship,roasted,_game_team_yellow,22,14,1,2,0,2,2025-12-09 23:18:29.957,117407,11.8627,6.6710,2.2393,-0.1380,1.5708,True,True,Battle Rifle
Midship,roasted,_game_team_yellow,22,14,1,2,0,2,2025-12-09 23:18:31.987,119437,12.7059,5.9087,2.2317,0.4385,1.5708,True,True,Battle Rifle
Midship,roasted,_game_team_yellow,22,14,1,2,0,2,2025-12-09 23:18:40.865,128316,2.2562,-3.2894,1.4665,0.7772,1.5708,True,True,Battle Rifle
Midship,roasted,_game_team_yellow,22,14,1,2,0,2,2025-12-09 23:18:42.888,130338,2.2562,-3.2894,1.4665,0.7772,1.5708,True,True,Battle Rifle
Midship,roasted,_game_team_yellow,22,14,1,2,0,2,2025-12-09 23:18:44.985,132436,2.2562,-3.2894,1.4665,0.7772,1.5708,True,True,Battle Rifle
Midship,roasted,_game_team_yellow,22,14,1,2,0,2,2025-12-09 23:18:47.005,134455,2.2562,-3.2894,1.4665,0.7772,1.5708,True,True,Battle Rifle
Midship,roasted,_game_team_yellow,22,14,1,2,0,2,2025-12-09 23:18:49.028,136479,2.1776,-3.2278,1.4597,0.7441,1.5708,True,True,Battle Rifle
Midship,roasted,_game_team_yellow,22,14,1,2,0,2,2025-12-09 23:18:51.276,138726,4.0241,-0.5528,1.2562,0.0310,1.5708,True,True,Battle Rifle
Midship,roasted,_game_team_yellow,22,14,1,2,0,2,2025-12-09 23:18:53.488,140938,4.7264,-0.7020,1.2318,0.9325,1.5708,True,True,Battle Rifle
Midship,roasted,_game_team_yellow,22,14,1,2,0,2,2025-12-09 23:18:55.514,142964,5.6435,-1.2661,1.4407,-0.0705,1.5708,True,True,Battle Rifle
Midship,roasted,_game_team_yellow,22,14,1,2,0,2,2025-12-09 23:18:57.701,145151,5.2088,-2.0375,1.7768,-0.6379,1.5708,True,True,Battle Rifle
Midship,roasted,_game_team_yellow,22,14,1,2,0,2,2025-12-09 23:19:06.380,153831,11.4760,4.7997,0.1203,-1.0000,1.5708,True,True,Battle Rifle
Midship,roasted,_game_team_yellow,22,14,1,2,0,2,2025-12-09 23:19:08.420,155871,11.7466,1.9941,2.2657,0.9578,1.5708,True,True,Battle Rifle
Midship,roasted,_game_team_yellow,22,14,1,2,0,2,2025-12-09 23:19:10.462,157912,11.1096,6.0126,2.3243,-0.7538,1.5708,True,True,Battle Rifle
Midship,roasted,_game_team_yellow,22,14,1,2,0,2,2025-12-09 23:19:12.894,160344,9.8943,1.7993,2.2654,-0.9592,1.5708,True,True,Battle Rifle
Midship,roasted,_game_team_yellow,22,14,1,2,0,2,2025-12-09 23:19:14.920,162370,9.0137,-1.9155,2.4661,-1.0000,1.5708,True,True,Battle Rifle
Midship,roasted,_game_team_yellow,22,14,1,2,0,2,2025-12-09 23:19:17.141,164591,8.3091,-3.1124,2.4854,0.7198,1.5708,True,True,Battle Rifle
Midship,roasted,_game_team_yellow,22,14,1,2,0,2,2025-12-09 23:19:19.198,166648,8.0088,-4.6003,3.5156,0.8546,1.5708,True,True,Battle Rifle
Midship,roasted,_game_team_yellow,22,14,1,2,0,2,2025-12-09 23:19:21.237,168687,7.8371,-3.1344,4.9711,0.2173,1.5708,True,True,Battle Rifle
Midship,roasted,_game_team_yellow,22,14,1,2,0,2,2025-12-09 23:19:23.513,170963,5.2374,-0.4202,1.4295,0.1697,1.5708,True,True,Battle Rifle
Midship,roasted,_game_team_yellow,22,14,1,2,0,2,2025-12-09 23:19:25.682,173132,1.9378,-1.3788,1.4667,0.8917,1.5708,True,True,Battle Rifle
Midship,roasted,_game_team_yellow,22,14,1,2,0,2,2025-12-09 23:19:27.828,175279,4.3175,-2.1803,2.3183,0.0613,1.5708,True,True,Battle Rifle
Midship,roasted,_game_team_yellow,22,14,1,2,0,2,2025-12-09 23:19:29.949,177400,1.4626,-3.4836,3.5432,-0.8300,1.5708,True,True,Battle Rifle
Midship,roasted,_game_team_yellow,22,14,1,2,0,2,2025-12-09 23:19:31.968,179418,-0.9791,-3.8401,3.6760,-0.6153,-1.5708,True,True,Battle Rifle
Midship,roasted,_game_team_yellow,22,14,1,2,0,2,2025-12-09 23:19:35.334,182784,-2.7740,-4.2427,3.6682,-0.1220,-1.5708,True,True,Battle Rifle
Midship,Keylord,_game_team_green,53,31,3,7,4,4,2025-12-09 23:16:38.659,6109,-1.5149,-4.6939,3.6503,0.5477,-1.5708,False,True,Battle Rifle
Midship,Keylord,_game_team_green,53,31,3,7,4,4,2025-12-09 23:16:40.675,8125,-5.4963,-3.6917,4.9545,0.5865,-1.5708,False,True,Battle Rifle
Midship,Keylord,_game_team_green,53,31,3,7,4,4,2025-12-09 23:16:42.722,10172,-3.1421,-4.6481,3.6477,0.7235,-1.5708,False,True,Battle Rifle
Midship,Keylord,_game_team_green,53,31,3,7,4,4,2025-12-09 23:16:50.846,18297,-0.5215,-0.3045,1.4615,-0.2176,-0.5236,False,True,Battle Rifle
Midship,Keylord,_game_team_green,53,31,3,7,4,4,2025-12-09 23:16:52.884,20334,-4.1002,-1.1061,1.2685,0.0876,-1.5708,False,True,Battle Rifle
Midship,Keylord,_game_team_green,53,31,3,7,4,4,2025-12-09 23:16:54.911,22361,-7.8506,0.8463,2.5794,0.9843,-1.5708,False,True,Battle Rifle
Midship,Keylord,_game_team_green,53,31,3,7,4,4,2025-12-09 23:16:56.932,24382,-9.4114,2.2215,2.2321,0.9469,-1.5708,False,True,Battle Rifle
Midship,Keylord,_game_team_green,53,31,3,7,4,4,2025-12-09 23:16:58.944,26394,-7.4170,-0.8561,1.4650,-0.4804,-1.5708,False,True,Battle Rifle
Midship,Keylord,_game_team_green,53,31,3,7,4,4,2025-12-09 23:17:00.963,28414,-3.8934,-2.9081,2.4205,0.8728,-1.5708,False,True,Battle Rifle
Midship,Keylord,_game_team_green,53,31,3,7,4,4,2025-12-09 23:17:03.018,30468,0.0274,-4.1615,3.6483,0.9527,0.1088,False,True,Battle Rifle
Midship,Keylord,_game_team_green,53,31,3,7,4,4,2025-12-09 23:17:05.038,32488,3.9155,-4.0170,4.2461,0.8145,1.5708,False,True,Battle Rifle
Midship,Keylord,_game_team_green,53,31,3,7,4,4,2025-12-09 23:17:07.126,34576,6.1278,-3.8226,5.1216,0.8970,1.5708,False,True,Battle Rifle
Midship,Keylord,_game_team_green,53,31,3,7,4,4,2025-12-09 23:17:09.140,36590,6.3596,-3.5948,4.9835,0.9806,1.5708,False,True,Battle Rifle
Midship,Keylord,_game_team_green,53,31,3,7,4,4,2025-12-09 23:17:15.208,42658,-3.3336,8.7848,0.0640,-0.3319,-1.5708,False,True,Battle Rifle
Midship,Keylord,_game_team_green,53,31,3,7,4,4,2025-12-09 23:17:17.238,44688,-3.1071,10.4491,1.1484,0.0763,-1.5708,False,True,Battle Rifle
Midship,Keylord,_game_team_green,53,31,3,7,4,4,2025-12-09 23:17:19.274,46724,-6.7467,9.9366,1.8213,-0.6454,-1.5708,False,True,Magnum
Midship,Keylord,_game_team_green,53,31,3,7,4,4,2025-12-09 23:17:21.292,48742,-8.8995,7.4119,2.2404,0.7259,-1.5708,False,True,Magnum
Midship,Keylord,_game_team_green,53,31,3,7,4,4,2025-12-09 23:17:23.316,50767,-6.8292,6.4778,2.9600,0.6041,-1.5708,False,True,Magnum
Midship,Keylord,_game_team_green,53,31,3,7,4,4,2025-12-09 23:17:29.395,56846,0.8913,-0.3319,1.4556,-0.7024,1.0745,False,True,Battle Rifle
Midship,Keylord,_game_team_green,53,31,3,7,4,4,2025-12-09 23:17:31.424,58875,4.5092,-1.0696,1.2266,0.6495,1.5708,False,True,Battle Rifle
Midship,Keylord,_game_team_green,53,31,3,7,4,4,2025-12-09 23:17:33.445,60895,7.1851,-0.4195,1.6105,0.9298,1.5708,False,True,Battle Rifle
Midship,Keylord,_game_team_green,53,31,3,7,4,4,2025-12-09 23:17:35.504,62954,9.3239,2.2570,2.5937,0.9433,1.5708,False,True,Battle Rifle
Midship,Keylord,_game_team_green,53,31,3,7,4,4,2025-12-09 23:17:37.538,64988,10.3573,2.5216,2.2313,0.9443,1.5708,False,True,Battle Rifle
Midship,Keylord,_game_team_green,53,31,3,7,4,4,2025-12-09 23:17:39.599,67049,7.8856,-0.4723,1.5084,-0.4310,1.5708,False,True,Battle Rifle
Midship,Keylord,_game_team_green,53,31,3,7,4,4,2025-12-09 23:17:41.642,69093,4.3681,-2.5210,2.5360,-0.3301,1.5708,False,True,Battle Rifle
Midship,Keylord,_game_team_green,53,31,3,7,4,4,2025-12-09 23:17:43.673,71124,2.9191,-3.8859,3.6697,0.0908,1.5708,False,True,Battle Rifle
Midship,Keylord,_game_team_green,53,31,3,7,4,4,2025-12-09 23:17:46.655,74106,8.6490,-3.9338,3.6595,0.9976,1.5708,False,True,Battle Rifle
Midship,Keylord,_game_team_green,53,31,3,7,4,4,2025-12-09 23:17:52.973,80423,-4.8936,2.3284,0.3597,0.3326,-1.5708,False,True,Battle Rifle
Midship,Keylord,_game_team_green,53,31,3,7,4,4,2025-12-09 23:17:54.996,82447,-4.6229,2.7182,0.1921,0.9457,-1.5708,False,True,Battle Rifle
Midship,Keylord,_game_team_green,53,31,3,7,4,4,2025-12-09 23:17:57.015,84466,-6.3465,4.7313,-0.0548,0.9954,-1.5708,False,True,Battle Rifle
Midship,Keylord,_game_team_green,53,31,3,7,4,4,2025-12-09 23:17:59.246,86696,-9.6767,2.5688,-0.0491,0.8375,-1.5708,False,True,Battle Rifle
Midship,Keylord,_game_team_green,53,31,3,7,4,4,2025-12-09 23:18:01.417,88868,-12.0074,3.1165,3.4377,0.3940,-1.5708,False,True,Battle Rifle
Midship,Keylord,_game_team_green,53,31,3,7,4,4,2025-12-09 23:18:03.524,90975,-11.3159,3.1645,2.2335,0.9917,-1.5708,False,True,Battle Rifle
Midship,Keylord,_game_team_green,53,31,3,7,4,4,2025-12-09 23:18:05.735,93185,-8.9111,-0.2086,2.5194,-0.2475,-1.5708,False,True,Battle Rifle
Midship,Keylord,_game_team_green,53,31,3,7,4,4,2025-12-09 23:18:07.784,95234,-8.3147,-1.1399,2.3651,0.6403,-1.5708,False,True,Battle Rifle
Midship,Keylord,_game_team_green,53,31,3,7,4,4,2025-12-09 23:18:10.651,98101,-8.4940,1.2213,2.0618,0.9372,-1.5708,False,True,Battle Rifle
Midship,Keylord,_game_team_green,53,31,3,7,4,4,2025-12-09 23:18:12.693,100143,-6.9570,3.3065,3.3489,-0.5315,-1.5708,False,True,Battle Rifle
Midship,Keylord,_game_team_green,53,31,3,7,4,4,2025-12-09 23:18:19.000,106450,2.6582,8.2563,0.0594,-0.9992,1.5708,False,True,Battle Rifle
Midship,Keylord,_game_team_green,53,31,3,7,4,4,2025-12-09 23:18:21.190,108641,5.9554,5.1753,0.0102,0.1354,1.5708,False,True,Battle Rifle
Midship,Keylord,_game_team_green,53,31,3,7,4,4,2025-12-09 23:18:23.215,110665,6.9292,8.6852,1.0065,0.9003,1.5708,False,True,Battle Rifle
Midship,Keylord,_game_team_green,53,31,3,7,4,4,2025-12-09 23:18:25.414,112864,8.6413,8.4245,2.5113,-0.9929,1.5708,False,True,Battle Rifle
Midship,Keylord,_game_team_green,53,31,3,7,4,4,2025-12-09 23:18:27.733,115184,6.9433,6.4529,2.2452,0.3705,1.5708,False,True,Battle Rifle
Midship,Keylord,_game_team_green,53,31,3,7,4,4,2025-12-09 23:18:29.957,117407,7.0676,6.2042,2.2493,0.9764,1.5708,False,True,Battle Rifle
Midship,Keylord,_game_team_green,53,31,3,7,4,4,2025-12-09 23:18:36.187,123637,3.7047,8.5533,0.1120,-0.3163,1.5708,False,True,Battle Rifle
Midship,Keylord,_game_team_green,53,31,3,7,4,4,2025-12-09 23:18:38.235,125686,3.3027,9.5436,0.0406,0.9546,1.5708,False,True,Battle Rifle
Midship,Keylord,_game_team_green,53,31,3,7,4,4,2025-12-09 23:18:40.865,128316,0.0274,11.5552,0.2355,-0.8917,-0.0986,False,True,Battle Rifle
Midship,Keylord,_game_team_green,53,31,3,7,4,4,2025-12-09 23:18:42.888,130338,-3.0029,12.3917,0.4983,0.5208,-1.5708,False,True,Battle Rifle
Midship,Keylord,_game_team_green,53,31,3,7,4,4,2025-12-09 23:18:44.985,132436,-2.6562,12.5620,0.3113,-0.9470,-1.5708,False,True,Battle Rifle
Midship,Keylord,_game_team_green,53,31,3,7,4,4,2025-12-09 23:18:51.276,138726,-8.7828,9.1825,1.9073,-0.9373,-1.5708,False,True,Battle Rifle
Midship,Keylord,_game_team_green,53,31,3,7,4,4,2025-12-09 23:18:53.488,140938,-9.3712,9.4316,1.8505,0.5638,-1.5708,False,True,Battle Rifle
Midship,Keylord,_game_team_green,53,31,3,7,4,4,2025-12-09 23:18:55.514,142964,-8.8116,7.9604,2.2469,0.9970,-1.5708,False,True,Battle Rifle
Midship,Keylord,_game_team_green,53,31,3,7,4,4,2025-12-09 23:18:57.701,145151,-6.9083,6.2151,2.2233,-0.9977,-1.5708,False,True,Battle Rifle
Midship,Keylord,_game_team_green,53,31,3,7,4,4,2025-12-09 23:18:59.790,147240,-7.7447,6.6422,2.2642,-0.8934,-1.5708,False,True,Battle Rifle
Midship,Keylord,_game_team_green,53,31,3,7,4,4,2025-12-09 23:19:01.887,149338,-8.7007,4.5895,2.2522,0.8561,-1.5708,False,True,Battle Rifle
Midship,Keylord,_game_team_green,53,31,3,7,4,4,2025-12-09 23:19:03.905,151355,-9.0136,1.9996,2.2326,0.9440,-1.5708,False,True,Battle Rifle
Midship,Keylord,_game_team_green,53,31,3,7,4,4,2025-12-09 23:19:06.380,153831,-6.5294,-1.4238,1.4670,-0.4970,-1.5708,False,True,Battle Rifle
Midship,Keylord,_game_team_green,53,31,3,7,4,4,2025-12-09 23:19:08.420,155871,-2.5680,-3.7474,3.7468,0.2542,-1.5708,False,True,Battle Rifle
Midship,Keylord,_game_team_green,53,31,3,7,4,4,2025-12-09 23:19:17.141,164591,2.6847,12.4784,0.3459,-0.3163,1.5708,False,True,Battle Rifle
Midship,Keylord,_game_team_green,53,31,3,7,4,4,2025-12-09 23:19:19.198,166648,5.1094,12.3548,2.0817,0.9430,1.5708,False,True,Battle Rifle
Midship,Keylord,_game_team_green,53,31,3,7,4,4,2025-12-09 23:19:21.237,168687,3.5708,14.4315,3.1229,0.9387,1.5708,False,True,Battle Rifle
Midship,Keylord,_game_team_green,53,31,3,7,4,4,2025-12-09 23:19:23.513,170963,-0.1794,15.0244,3.6824,-0.1919,-0.3399,False,True,Battle Rifle
Midship,Keylord,_game_team_green,53,31,3,7,4,4,2025-12-09 23:19:25.682,173132,-4.6339,14.4362,4.0873,-0.7891,-1.5708,False,True,Battle Rifle
Midship,Keylord,_game_team_green,53,31,3,7,4,4,2025-12-09 23:19:27.828,175279,-7.6913,12.9138,3.6337,0.8704,-1.5708,False,True,Battle Rifle
Midship, Kryptonite,_game_team_purple,46,5,1,3,1,1,2025-12-09 23:16:32.558,8,-9.5275,3.2633,2.2415,-0.9484,-1.5708,False,True,Magnum
Midship, Kryptonite,_game_team_purple,46,5,1,3,1,1,2025-12-09 23:16:34.581,2031,-7.9366,-0.2148,1.5846,-0.7249,-1.5708,False,True,Magnum
Midship, Kryptonite,_game_team_purple,46,5,1,3,1,1,2025-12-09 23:16:36.620,4070,-7.7765,-0.9790,1.4372,-0.3670,-1.5708,False,True,Magnum
Midship, Kryptonite,_game_team_purple,46,5,1,3,1,1,2025-12-09 23:16:38.659,6109,-8.3987,1.0338,1.9979,0.9113,-1.5708,False,True,Magnum
Midship, Kryptonite,_game_team_purple,46,5,1,3,1,1,2025-12-09 23:16:46.797,14247,-10.4190,6.2950,0.0667,0.4028,-1.5708,False,True,Magnum
Midship, Kryptonite,_game_team_purple,46,5,1,3,1,1,2025-12-09 23:16:48.818,16268,-7.2946,8.8240,0.7469,0.6056,-1.5708,False,True,Magnum
Midship, Kryptonite,_game_team_purple,46,5,1,3,1,1,2025-12-09 23:16:50.846,18297,-4.9592,12.3086,2.4119,0.5614,-1.5708,False,True,Magnum
Midship, Kryptonite,_game_team_purple,46,5,1,3,1,1,2025-12-09 23:16:52.884,20334,-1.6114,13.9402,3.6348,0.0613,-1.5708,False,True,Magnum
Midship, Kryptonite,_game_team_purple,46,5,1,3,1,1,2025-12-09 23:16:54.911,22361,1.4509,13.1702,3.6671,0.7211,1.5708,False,True,Magnum
Midship, Kryptonite,_game_team_purple,46,5,1,3,1,1,2025-12-09 23:16:56.932,24382,2.4902,13.7960,3.2926,-0.5092,1.5708,False,True,Magnum
Midship, Kryptonite,_game_team_purple,46,5,1,3,1,1,2025-12-09 23:17:03.018,30468,2.2544,-3.2792,1.5120,0.7772,1.5708,False,True,Battle Rifle
Midship, Kryptonite,_game_team_purple,46,5,1,3,1,1,2025-12-09 23:17:05.038,32488,-1.2342,-2.5485,1.4666,0.5744,-1.5708,False,True,Battle Rifle
Midship, Kryptonite,_game_team_purple,46,5,1,3,1,1,2025-12-09 23:17:07.126,34576,-1.9789,-0.6836,2.5637,-0.5883,-1.5708,False,True,Magnum
Midship, Kryptonite,_game_team_purple,46,5,1,3,1,1,2025-12-09 23:17:09.140,36590,0.2784,-3.5538,3.6497,-0.5777,0.2623,False,True,Magnum
Midship, Kryptonite,_game_team_purple,46,5,1,3,1,1,2025-12-09 23:17:11.154,38605,3.4758,-4.6409,3.6690,0.9055,1.5708,False,True,Battle Rifle
Midship, Kryptonite,_game_team_purple,46,5,1,3,1,1,2025-12-09 23:17:13.168,40618,6.0855,-1.3628,1.4894,0.5183,1.5708,False,True,Magnum
Midship, Kryptonite,_game_team_purple,46,5,1,3,1,1,2025-12-09 23:17:15.208,42658,8.2586,2.4318,2.3926,0.9921,1.5708,False,True,Battle Rifle
Midship, Kryptonite,_game_team_purple,46,5,1,3,1,1,2025-12-09 23:17:17.238,44688,9.3893,6.0399,2.2321,-0.9299,1.5708,False,True,Magnum
Midship, Kryptonite,_game_team_purple,46,5,1,3,1,1,2025-12-09 23:17:19.274,46724,8.3609,5.6765,2.2611,-0.9975,1.5708,False,True,Magnum
Midship, Kryptonite,_game_team_purple,46,5,1,3,1,1,2025-12-09 23:17:21.292,48742,8.7505,0.8074,1.9029,-0.9729,1.5708,False,True,Magnum
Midship, Kryptonite,_game_team_purple,46,5,1,3,1,1,2025-12-09 23:17:23.316,50767,8.1943,0.2553,1.7670,-0.8542,1.5708,False,True,Magnum
Midship, Kryptonite,_game_team_purple,46,5,1,3,1,1,2025-12-09 23:17:25.330,52780,5.0157,-2.0687,1.8425,-0.4411,1.5708,False,True,Magnum
Midship, Kryptonite,_game_team_purple,46,5,1,3,1,1,2025-12-09 23:17:27.363,54813,1.3374,-3.7007,3.5976,-0.3653,1.5708,False,True,Magnum
Midship, Kryptonite,_game_team_purple,46,5,1,3,1,1,2025-12-09 23:17:29.395,56846,-1.4445,-4.1470,3.6119,0.9235,-1.5708,False,True,Magnum
Midship, Kryptonite,_game_team_purple,46,5,1,3,1,1,2025-12-09 23:17:35.504,62954,9.3144,8.3420,2.2015,-0.9797,1.5708,False,True,Magnum
Midship, Kryptonite,_game_team_purple,46,5,1,3,1,1,2025-12-09 23:17:37.538,64988,9.8793,5.0405,2.5377,-0.9556,1.5708,False,True,Magnum
Midship, Kryptonite,_game_team_purple,46,5,1,3,1,1,2025-12-09 23:17:46.655,74106,2.4557,-1.4613,1.4828,0.2229,1.5708,False,True,Magnum
Midship, Kryptonite,_game_team_purple,46,5,1,3,1,1,2025-12-09 23:17:48.688,76139,7.0454,-0.0661,1.6947,0.1368,1.5708,False,True,Magnum
Midship, Kryptonite,_game_team_purple,46,5,1,3,1,1,2025-12-09 23:17:50.756,78206,6.0232,0.1533,1.3896,0.2266,1.5708,False,True,Magnum
Midship, Kryptonite,_game_team_purple,46,5,1,3,1,1,2025-12-09 23:17:52.973,80423,5.8968,0.9210,2.2293,-0.8704,1.5708,False,True,Magnum
Midship, Kryptonite,_game_team_purple,46,5,1,3,1,1,2025-12-09 23:17:54.996,82447,5.7420,0.5276,2.2642,-0.9876,1.5708,False,True,Magnum
Midship, Kryptonite,_game_team_purple,46,5,1,3,1,1,2025-12-09 23:18:03.524,90975,2.7579,-1.2536,1.5001,0.5617,1.5708,False,True,Magnum
Midship, Kryptonite,_game_team_purple,46,5,1,3,1,1,2025-12-09 23:18:05.735,93185,-0.1604,-1.4713,3.6775,-0.9219,-0.2801,False,True,Magnum
Midship, Kryptonite,_game_team_purple,46,5,1,3,1,1,2025-12-09 23:18:07.784,95234,-0.5177,-3.2181,3.6459,0.5787,-0.4744,False,True,Magnum
Midship, Kryptonite,_game_team_purple,46,5,1,3,1,1,2025-12-09 23:18:10.651,98101,0.8195,-2.8190,3.6516,-0.1449,0.7692,False,True,Magnum
Midship, Kryptonite,_game_team_purple,46,5,1,3,1,1,2025-12-09 23:18:12.693,100143,-2.4401,-3.1130,3.1922,0.2045,-1.5708,False,True,Magnum
Midship, Kryptonite,_game_team_purple,46,5,1,3,1,1,2025-12-09 23:18:14.804,102254,-1.4532,-3.3044,3.5462,-0.2378,-1.5708,False,True,Magnum
Midship, Kryptonite,_game_team_purple,46,5,1,3,1,1,2025-12-09 23:18:16.820,104270,1.3161,-2.0190,3.6816,0.5023,1.5708,False,True,Magnum
Midship, Kryptonite,_game_team_purple,46,5,1,3,1,1,2025-12-09 23:18:19.000,106450,0.0455,0.1704,1.4776,-0.9073,0.2320,False,True,Magnum
Midship, Kryptonite,_game_team_purple,46,5,1,3,1,1,2025-12-09 23:18:25.414,112864,11.3851,6.7124,0.0991,-0.4307,1.5708,False,True,Battle Rifle
Midship, Kryptonite,_game_team_purple,46,5,1,3,1,1,2025-12-09 23:18:27.733,115184,7.6222,8.2965,0.4458,0.9356,1.5708,False,True,Magnum
Midship, Kryptonite,_game_team_purple,46,5,1,3,1,1,2025-12-09 23:18:29.957,117407,7.6883,10.2287,1.2984,-0.5640,1.5708,False,True,Magnum
Midship, Kryptonite,_game_team_purple,46,5,1,3,1,1,2025-12-09 23:18:31.987,119437,9.2784,7.8445,2.2917,-0.8616,1.5708,False,True,Magnum
Midship, Kryptonite,_game_team_purple,46,5,1,3,1,1,2025-12-09 23:18:40.865,128316,1.4846,-4.6299,3.6524,0.8935,1.5708,False,True,Magnum
Midship, Kryptonite,_game_team_purple,46,5,1,3,1,1,2025-12-09 23:18:42.888,130338,-2.5144,-4.8305,4.6971,0.9999,-1.5708,False,True,Magnum
Midship, Kryptonite,_game_team_purple,46,5,1,3,1,1,2025-12-09 23:18:44.985,132436,-6.5666,-4.3787,3.6600,0.3912,-1.5708,False,True,Magnum
Midship, Kryptonite,_game_team_purple,46,5,1,3,1,1,2025-12-09 23:18:47.005,134455,-7.3787,-3.8930,4.7366,0.1079,-1.5708,False,True,Magnum
Midship, Kryptonite,_game_team_purple,46,5,1,3,1,1,2025-12-09 23:18:49.028,136479,-6.9856,-2.4712,3.3035,-0.1232,-1.5708,False,True,Magnum
Midship, Kryptonite,_game_team_purple,46,5,1,3,1,1,2025-12-09 23:18:51.276,138726,-8.3015,2.4835,2.3007,0.9698,-1.5708,False,True,Magnum
Midship, Kryptonite,_game_team_purple,46,5,1,3,1,1,2025-12-09 23:18:59.790,147240,12.0695,5.9197,-0.1009,-0.1479,1.5708,False,True,Magnum
Midship, Kryptonite,_game_team_purple,46,5,1,3,1,1,2025-12-09 23:19:01.887,149338,8.9868,6.4822,0.0120,0.3368,1.5708,False,True,Magnum
Midship, Kryptonite,_game_team_purple,46,5,1,3,1,1,2025-12-09 23:19:03.905,151355,6.5932,8.6770,0.8477,-0.7479,1.5708,False,True,Magnum
Midship, Kryptonite,_game_team_purple,46,5,1,3,1,1,2025-12-09 23:19:06.380,153831,7.4935,8.9267,2.3928,0.9336,1.5708,False,True,Magnum
Midship, Kryptonite,_game_team_purple,46,5,1,3,1,1,2025-12-09 23:19:12.894,160344,2.3638,1.7569,0.0636,0.1766,1.5708,False,True,Magnum
Midship, Kryptonite,_game_team_purple,46,5,1,3,1,1,2025-12-09 23:19:14.920,162370,4.4371,0.7535,1.0267,-0.9479,1.5708,False,True,Magnum
Midship, Kryptonite,_game_team_purple,46,5,1,3,1,1,2025-12-09 23:19:17.141,164591,4.5648,1.1197,0.9142,-0.7660,1.5708,False,True,Magnum
Midship, Kryptonite,_game_team_purple,46,5,1,3,1,1,2025-12-09 23:19:25.682,173132,10.1483,6.2933,0.0766,0.2374,1.5708,False,True,Magnum
Midship, Kryptonite,_game_team_purple,46,5,1,3,1,1,2025-12-09 23:19:27.828,175279,6.9150,9.2058,1.3118,0.7510,1.5708,False,True,Magnum
Midship, Kryptonite,_game_team_purple,46,5,1,3,1,1,2025-12-09 23:19:29.949,177400,4.5787,12.6179,2.5324,0.7124,1.5708,False,True,SmG
Midship, Kryptonite,_game_team_purple,46,5,1,3,1,1,2025-12-09 23:19:31.968,179418,2.4038,13.8451,3.3663,0.0770,1.5708,False,True,SmG
Midship, Kryptonite,_game_team_purple,46,5,1,3,1,1,2025-12-09 23:19:35.334,182784,-2.1498,14.2541,3.5361,0.0770,-1.5708,False,True,SmG
Midship,LobbyTerrorist2 ,_game_team_orange,44,14,2,1,1,0,2025-12-09 23:16:32.558,8,8.4559,6.2998,-0.0526,0.9513,1.5708,False,True,Battle Rifle
Midship,LobbyTerrorist2 ,_game_team_orange,44,14,2,1,1,0,2025-12-09 23:16:34.581,2031,6.3265,9.5639,1.2912,0.9691,1.5708,False,True,Battle Rifle
Midship,LobbyTerrorist2 ,_game_team_orange,44,14,2,1,1,0,2025-12-09 23:16:36.620,4070,4.7300,13.1246,2.3200,0.2404,1.5708,False,True,Battle Rifle
Midship,LobbyTerrorist2 ,_game_team_orange,44,14,2,1,1,0,2025-12-09 23:16:38.659,6109,0.8702,15.2330,3.6112,-0.7171,0.8790,False,True,Battle Rifle
Midship,LobbyTerrorist2 ,_game_team_orange,44,14,2,1,1,0,2025-12-09 23:16:40.675,8125,-2.5413,14.8012,3.3608,-0.4543,-1.5708,False,True,Battle Rifle
Midship,LobbyTerrorist2 ,_game_team_orange,44,14,2,1,1,0,2025-12-09 23:16:42.722,10172,-3.1734,14.5425,3.0901,-0.8360,-1.5708,False,True,Battle Rifle
Midship,LobbyTerrorist2 ,_game_team_orange,44,14,2,1,1,0,2025-12-09 23:16:44.745,12196,0.3538,14.1671,3.7729,-0.9999,0.4972,False,True,Battle Rifle
Midship,LobbyTerrorist2 ,_game_team_orange,44,14,2,1,1,0,2025-12-09 23:16:46.797,14247,0.4162,12.9519,3.6529,-0.6184,0.3921,False,True,Battle Rifle
Midship,LobbyTerrorist2 ,_game_team_orange,44,14,2,1,1,0,2025-12-09 23:16:48.818,16268,1.9567,14.5222,3.5648,-0.9046,1.5708,False,True,Battle Rifle
Midship,LobbyTerrorist2 ,_game_team_orange,44,14,2,1,1,0,2025-12-09 23:16:50.846,18297,3.3412,14.4203,3.0352,-0.9971,1.5708,False,True,Battle Rifle
Midship,LobbyTerrorist2 ,_game_team_orange,44,14,2,1,1,0,2025-12-09 23:16:52.884,20334,3.4820,14.5476,2.9976,-0.0793,1.5708,False,True,Battle Rifle
Midship,LobbyTerrorist2 ,_game_team_orange,44,14,2,1,1,0,2025-12-09 23:16:54.911,22361,2.9813,14.7003,3.1690,-0.7929,1.5708,False,True,Battle Rifle
Midship,LobbyTerrorist2 ,_game_team_orange,44,14,2,1,1,0,2025-12-09 23:17:03.018,30468,-11.8204,6.3329,2.2785,0.4060,-1.5708,False,True,Battle Rifle
Midship,LobbyTerrorist2 ,_game_team_orange,44,14,2,1,1,0,2025-12-09 23:17:05.038,32488,-8.6863,8.5907,2.1185,0.6365,-1.5708,False,True,Battle Rifle
Midship,LobbyTerrorist2 ,_game_team_orange,44,14,2,1,1,0,2025-12-09 23:17:07.126,34576,-8.6990,9.9893,1.6102,0.9534,-1.5708,False,True,Battle Rifle
Midship,LobbyTerrorist2 ,_game_team_orange,44,14,2,1,1,0,2025-12-09 23:17:09.140,36590,-6.1129,13.3814,1.7086,0.3524,-1.5708,False,True,Battle Rifle
Midship,LobbyTerrorist2 ,_game_team_orange,44,14,2,1,1,0,2025-12-09 23:17:11.154,38605,-2.5856,14.8451,3.4466,-0.0322,-1.5708,False,True,Battle Rifle
Midship,LobbyTerrorist2 ,_game_team_orange,44,14,2,1,1,0,2025-12-09 23:17:19.274,46724,2.1843,0.6303,-0.0880,0.9725,1.5708,False,True,Battle Rifle
Midship,LobbyTerrorist2 ,_game_team_orange,44,14,2,1,1,0,2025-12-09 23:17:21.292,48742,4.3760,1.3522,1.2652,-0.9661,1.5708,False,True,Battle Rifle
Midship,LobbyTerrorist2 ,_game_team_orange,44,14,2,1,1,0,2025-12-09 23:17:23.316,50767,5.2906,-1.0001,1.3030,-0.0671,1.5708,False,True,Battle Rifle
Midship,LobbyTerrorist2 ,_game_team_orange,44,14,2,1,1,0,2025-12-09 23:17:31.424,58875,-10.8613,2.9611,-0.0167,-0.9517,-1.5708,False,True,Magnum
Midship,LobbyTerrorist2 ,_game_team_orange,44,14,2,1,1,0,2025-12-09 23:17:33.445,60895,-12.4023,4.0653,2.1232,0.7465,-1.5708,False,True,Battle Rifle
Midship,LobbyTerrorist2 ,_game_team_orange,44,14,2,1,1,0,2025-12-09 23:17:35.504,62954,-10.6517,5.2164,2.3279,0.6619,-1.5708,False,True,Battle Rifle
Midship,LobbyTerrorist2 ,_game_team_orange,44,14,2,1,1,0,2025-12-09 23:17:37.538,64988,-11.8177,7.6835,2.2330,-0.0115,-1.5708,False,True,Battle Rifle
Midship,LobbyTerrorist2 ,_game_team_orange,44,14,2,1,1,0,2025-12-09 23:17:39.599,67049,-12.6120,4.1875,2.2056,-0.1602,-1.5708,False,True,Battle Rifle
Midship,LobbyTerrorist2 ,_game_team_orange,44,14,2,1,1,0,2025-12-09 23:17:41.642,69093,-12.1231,4.5798,0.0900,0.8613,-1.5708,False,True,Battle Rifle
Midship,LobbyTerrorist2 ,_game_team_orange,44,14,2,1,1,0,2025-12-09 23:17:43.673,71124,-10.6020,6.0179,0.1137,0.6852,-1.5708,False,True,Battle Rifle
Midship,LobbyTerrorist2 ,_game_team_orange,44,14,2,1,1,0,2025-12-09 23:17:46.655,74106,-10.3544,5.1704,0.5662,0.9320,-1.5708,False,True,Battle Rifle
Midship,LobbyTerrorist2 ,_game_team_orange,44,14,2,1,1,0,2025-12-09 23:17:48.688,76139,-7.0408,8.0938,0.4645,-0.2681,-1.5708,False,True,Battle Rifle
Midship,LobbyTerrorist2 ,_game_team_orange,44,14,2,1,1,0,2025-12-09 23:17:50.756,78206,-5.4589,10.7976,1.2643,-0.8163,-1.5708,False,True,Battle Rifle
Midship,LobbyTerrorist2 ,_game_team_orange,44,14,2,1,1,0,2025-12-09 23:17:59.246,86696,-0.8112,-4.4156,3.6489,0.3159,-0.8899,False,True,Battle Rifle
Midship,LobbyTerrorist2 ,_game_team_orange,44,14,2,1,1,0,2025-12-09 23:18:01.417,88868,-1.3737,-3.5694,3.5420,-0.0770,-1.5708,False,True,Battle Rifle
Midship,LobbyTerrorist2 ,_game_team_orange,44,14,2,1,1,0,2025-12-09 23:18:03.524,90975,0.5541,-3.0112,3.6423,0.6625,0.6544,False,True,Battle Rifle
Midship,LobbyTerrorist2 ,_game_team_orange,44,14,2,1,1,0,2025-12-09 23:18:05.735,93185,0.6610,-2.1322,3.6469,0.3279,0.7397,False,True,Battle Rifle
Midship,LobbyTerrorist2 ,_game_team_orange,44,14,2,1,1,0,2025-12-09 23:18:07.784,95234,-1.3120,-1.6337,3.6180,-0.7563,-1.5708,False,True,Battle Rifle
Midship,LobbyTerrorist2 ,_game_team_orange,44,14,2,1,1,0,2025-12-09 23:18:14.804,102254,8.8952,9.1115,1.9534,-0.8743,1.5708,False,True,Battle Rifle
Midship,LobbyTerrorist2 ,_game_team_orange,44,14,2,1,1,0,2025-12-09 23:18:16.820,104270,7.9882,6.7058,2.1914,0.9938,1.5708,False,True,Battle Rifle
Midship,LobbyTerrorist2 ,_game_team_orange,44,14,2,1,1,0,2025-12-09 23:18:19.000,106450,7.0870,2.4946,2.6863,0.9421,1.5708,False,True,Battle Rifle
Midship,LobbyTerrorist2 ,_game_team_orange,44,14,2,1,1,0,2025-12-09 23:18:21.190,108641,7.8142,2.4268,2.2687,0.9804,1.5708,False,True,Battle Rifle
Midship,LobbyTerrorist2 ,_game_team_orange,44,14,2,1,1,0,2025-12-09 23:18:23.215,110665,7.7672,1.7069,2.2415,0.9826,1.5708,False,True,Battle Rifle
Midship,LobbyTerrorist2 ,_game_team_orange,44,14,2,1,1,0,2025-12-09 23:18:25.414,112864,7.6089,-0.3606,1.5331,-0.2642,1.5708,False,True,Battle Rifle
Midship,LobbyTerrorist2 ,_game_team_orange,44,14,2,1,1,0,2025-12-09 23:18:27.733,115184,8.1494,0.5966,1.7971,-0.3894,1.5708,False,True,Magnum
Midship,LobbyTerrorist2 ,_game_team_orange,44,14,2,1,1,0,2025-12-09 23:18:29.957,117407,8.1255,0.5588,1.7920,-0.3474,1.5708,False,True,Magnum
Midship,LobbyTerrorist2 ,_game_team_orange,44,14,2,1,1,0,2025-12-09 23:18:31.987,119437,7.4011,4.0505,2.2469,0.3499,1.5708,False,True,Magnum
Midship,LobbyTerrorist2 ,_game_team_orange,44,14,2,1,1,0,2025-12-09 23:18:34.010,121461,6.7258,5.6834,2.2572,0.4450,1.5708,False,True,Magnum
Midship,LobbyTerrorist2 ,_game_team_orange,44,14,2,1,1,0,2025-12-09 23:18:36.187,123637,7.1764,3.7931,2.2220,0.9515,1.5708,False,True,Magnum
Midship,LobbyTerrorist2 ,_game_team_orange,44,14,2,1,1,0,2025-12-09 23:18:44.985,132436,-0.5676,-4.5158,3.6240,0.0795,-0.7743,False,True,Battle Rifle
Midship,LobbyTerrorist2 ,_game_team_orange,44,14,2,1,1,0,2025-12-09 23:18:47.005,134455,0.8902,-3.2820,3.6486,-0.1091,1.4101,False,True,Battle Rifle
Midship,LobbyTerrorist2 ,_game_team_orange,44,14,2,1,1,0,2025-12-09 23:18:49.028,136479,2.4857,-3.6706,3.2369,-0.3306,1.5708,False,True,Battle Rifle
Midship,LobbyTerrorist2 ,_game_team_orange,44,14,2,1,1,0,2025-12-09 23:18:57.701,145151,-0.0366,-4.4688,3.6637,0.5545,-0.0878,False,True,Battle Rifle
Midship,LobbyTerrorist2 ,_game_team_orange,44,14,2,1,1,0,2025-12-09 23:18:59.790,147240,2.3209,-3.6835,3.5793,-0.2786,1.5708,False,True,Battle Rifle
Midship,LobbyTerrorist2 ,_game_team_orange,44,14,2,1,1,0,2025-12-09 23:19:01.887,149338,4.3336,-4.4121,4.0696,-0.6590,1.5708,False,True,Battle Rifle
Midship,LobbyTerrorist2 ,_game_team_orange,44,14,2,1,1,0,2025-12-09 23:19:03.905,151355,7.4170,-4.6889,3.9918,0.9715,1.5708,False,True,Battle Rifle
Midship,LobbyTerrorist2 ,_game_team_orange,44,14,2,1,1,0,2025-12-09 23:19:12.894,160344,3.2142,12.5857,0.5806,-0.2579,1.5708,False,True,Battle Rifle
Midship,LobbyTerrorist2 ,_game_team_orange,44,14,2,1,1,0,2025-12-09 23:19:14.920,162370,5.6849,11.1278,1.3177,0.9175,1.5708,False,True,Battle Rifle
Midship,LobbyTerrorist2 ,_game_team_orange,44,14,2,1,1,0,2025-12-09 23:19:17.141,164591,6.1685,9.5660,1.2339,0.9995,1.5708,False,True,Battle Rifle
Midship,LobbyTerrorist2 ,_game_team_orange,44,14,2,1,1,0,2025-12-09 23:19:23.513,170963,-0.7464,-4.4305,3.6767,0.4436,-0.8367,False,True,Battle Rifle
Midship,LobbyTerrorist2 ,_game_team_orange,44,14,2,1,1,0,2025-12-09 23:19:25.682,173132,-0.9829,-4.7570,3.6453,0.4572,-1.5708,False,True,Battle Rifle
Midship,LobbyTerrorist2 ,_game_team_orange,44,14,2,1,1,0,2025-12-09 23:19:27.828,175279,-4.9844,-4.6175,3.6938,0.2018,-1.5708,False,True,Battle Rifle
Midship,LobbyTerrorist2 ,_game_team_orange,44,14,2,1,1,0,2025-12-09 23:19:29.949,177400,-8.5041,-2.7849,3.3242,-0.3597,-1.5708,False,True,Battle Rifle
Midship,LobbyTerrorist2 ,_game_team_orange,44,14,2,1,1,0,2025-12-09 23:19:31.968,179418,-8.8088,-1.7815,2.4501,0.7114,-1.5708,False,True,Battle Rifle
Midship,LobbyTerrorist2 ,_game_team_orange,44,14,2,1,1,0,2025-12-09 23:19:35.334,182784,-7.5346,0.0706,2.4703,-0.7623,-1.5708,False,True,Battle Rifle
Midship,           Rocky,_game_team_brown,58,0,11,1,1,0,2025-12-09 23:16:32.558,8,-1.1217,13.0884,0.2642,-0.8619,-1.5708,False,True,Battle Rifle
Midship,           Rocky,_game_team_brown,58,0,11,1,1,0,2025-12-09 23:16:34.581,2031,-3.0580,12.8056,0.5186,-0.8055,-1.5708,False,True,Battle Rifle
Midship,           Rocky,_game_team_brown,58,0,11,1,1,0,2025-12-09 23:16:36.620,4070,-6.8878,11.1860,1.2821,-0.4540,-1.5708,False,True,Battle Rifle
Midship,           Rocky,_game_team_brown,58,0,11,1,1,0,2025-12-09 23:16:38.659,6109,-9.3837,7.8386,2.2925,-0.9946,-1.5708,False,True,Battle Rifle
Midship,           Rocky,_game_team_brown,58,0,11,1,1,0,2025-12-09 23:16:40.675,8125,-10.5516,6.3272,2.2526,-0.9310,-1.5708,False,True,Battle Rifle
Midship,           Rocky,_game_team_brown,58,0,11,1,1,0,2025-12-09 23:16:42.722,10172,-9.5756,2.0219,2.2696,-0.7142,-1.5708,False,True,Battle Rifle
Midship,           Rocky,_game_team_brown,58,0,11,1,1,0,2025-12-09 23:16:44.745,12196,-9.0411,-0.6184,1.6421,-0.3614,-1.5708,False,True,Battle Rifle
Midship,           Rocky,_game_team_brown,58,0,11,1,1,0,2025-12-09 23:16:52.884,20334,-12.1436,6.0829,2.2620,-0.2925,-1.5708,False,True,Battle Rifle
Midship,           Rocky,_game_team_brown,58,0,11,1,1,0,2025-12-09 23:16:54.911,22361,-9.0574,8.7229,2.1520,0.6824,-1.5708,False,True,Battle Rifle
Midship,           Rocky,_game_team_brown,58,0,11,1,1,0,2025-12-09 23:16:56.932,24382,-5.9326,11.7733,1.6104,0.6705,-1.5708,False,True,Battle Rifle
Midship,           Rocky,_game_team_brown,58,0,11,1,1,0,2025-12-09 23:16:58.944,26394,-2.5767,14.0617,3.3141,0.3004,-1.5708,False,True,Battle Rifle
Midship,           Rocky,_game_team_brown,58,0,11,1,1,0,2025-12-09 23:17:07.126,34576,-0.0471,-4.3125,3.6746,-0.0723,0.0375,False,True,Battle Rifle
Midship,           Rocky,_game_team_brown,58,0,11,1,1,0,2025-12-09 23:17:09.140,36590,0.3549,-4.0266,3.6589,0.0751,0.4145,False,True,Battle Rifle
Midship,           Rocky,_game_team_brown,58,0,11,1,1,0,2025-12-09 23:17:15.208,42658,-8.9787,0.8724,2.0463,0.9908,-1.5708,False,True,Battle Rifle
Midship,           Rocky,_game_team_brown,58,0,11,1,1,0,2025-12-09 23:17:17.238,44688,-7.2692,4.3721,2.2626,0.9913,-1.5708,False,True,Battle Rifle
Midship,           Rocky,_game_team_brown,58,0,11,1,1,0,2025-12-09 23:17:19.274,46724,-9.5756,6.4845,2.2270,0.8831,-1.5708,False,True,Battle Rifle
Midship,           Rocky,_game_team_brown,58,0,11,1,1,0,2025-12-09 23:17:27.363,54813,2.1806,0.6440,0.0664,0.9725,1.5708,False,True,Battle Rifle
Midship,           Rocky,_game_team_brown,58,0,11,1,1,0,2025-12-09 23:17:29.395,56846,3.5677,3.0407,0.0788,0.9067,1.5708,False,True,Battle Rifle
Midship,           Rocky,_game_team_brown,58,0,11,1,1,0,2025-12-09 23:17:31.424,58875,7.0957,5.4056,-0.0326,0.9141,1.5708,False,True,Battle Rifle
Midship,           Rocky,_game_team_brown,58,0,11,1,1,0,2025-12-09 23:17:33.445,60895,7.9370,6.8067,-0.0482,0.8596,1.5708,False,True,Battle Rifle
Midship,           Rocky,_game_team_brown,58,0,11,1,1,0,2025-12-09 23:17:35.504,62954,9.1048,6.7062,-0.0283,0.6809,1.5708,False,True,Battle Rifle
Midship,           Rocky,_game_team_brown,58,0,11,1,1,0,2025-12-09 23:17:37.538,64988,7.4256,8.6281,0.6337,0.9236,1.5708,False,True,Battle Rifle
Midship,           Rocky,_game_team_brown,58,0,11,1,1,0,2025-12-09 23:17:39.599,67049,8.1706,10.4717,1.3213,-0.8679,1.5708,False,True,Battle Rifle
Midship,           Rocky,_game_team_brown,58,0,11,1,1,0,2025-12-09 23:17:41.642,69093,7.9529,7.1219,2.2821,-0.4600,1.5708,False,True,Battle Rifle
Midship,           Rocky,_game_team_brown,58,0,11,1,1,0,2025-12-09 23:17:43.673,71124,6.9110,6.6306,2.2555,-0.9365,1.5708,False,True,Battle Rifle
Midship,           Rocky,_game_team_brown,58,0,11,1,1,0,2025-12-09 23:17:46.655,74106,9.0800,4.6166,2.2846,-0.6930,1.5708,False,True,Battle Rifle
Midship,           Rocky,_game_team_brown,58,0,11,1,1,0,2025-12-09 23:17:48.688,76139,8.9903,4.2256,2.2540,-0.6676,1.5708,False,True,Battle Rifle
Midship,           Rocky,_game_team_brown,58,0,11,1,1,0,2025-12-09 23:17:50.756,78206,9.6296,1.4974,2.2665,-0.9996,1.5708,False,True,Battle Rifle
Midship,           Rocky,_game_team_brown,58,0,11,1,1,0,2025-12-09 23:17:52.973,80423,6.8182,-1.4345,1.4395,0.8067,1.5708,False,True,Battle Rifle
Midship,           Rocky,_game_team_brown,58,0,11,1,1,0,2025-12-09 23:17:54.996,82447,7.0456,-1.1970,1.4152,0.6430,1.5708,False,True,Battle Rifle
Midship,           Rocky,_game_team_brown,58,0,11,1,1,0,2025-12-09 23:17:57.015,84466,6.9867,-1.0854,1.4745,-0.1091,1.5708,False,True,Battle Rifle
Midship,           Rocky,_game_team_brown,58,0,11,1,1,0,2025-12-09 23:18:05.735,93185,-1.2685,-0.9013,1.4702,-0.3585,-1.5708,False,True,Battle Rifle
Midship,           Rocky,_game_team_brown,58,0,11,1,1,0,2025-12-09 23:18:07.784,95234,-3.5276,-0.4532,1.2497,0.5593,-1.5708,False,True,Battle Rifle
Midship,           Rocky,_game_team_brown,58,0,11,1,1,0,2025-12-09 23:18:10.651,98101,-8.2323,0.6494,2.0414,0.8818,-1.5708,False,True,Battle Rifle
Midship,           Rocky,_game_team_brown,58,0,11,1,1,0,2025-12-09 23:18:12.693,100143,-8.0696,2.6976,2.9754,0.3449,-1.5708,False,True,Battle Rifle
Midship,           Rocky,_game_team_brown,58,0,11,1,1,0,2025-12-09 23:18:14.804,102254,-9.6653,4.5746,3.4401,-0.3061,-1.5708,False,True,Battle Rifle
Midship,           Rocky,_game_team_brown,58,0,11,1,1,0,2025-12-09 23:18:21.190,108641,-7.0808,11.5983,1.3120,-0.5796,-1.5708,False,True,Battle Rifle
Midship,           Rocky,_game_team_brown,58,0,11,1,1,0,2025-12-09 23:18:23.215,110665,-8.9483,9.3265,2.3288,-0.9973,-1.5708,False,True,Battle Rifle
Midship,           Rocky,_game_team_brown,58,0,11,1,1,0,2025-12-09 23:18:25.414,112864,-8.0053,7.1692,2.2490,-0.7950,-1.5708,False,True,Battle Rifle
Midship,           Rocky,_game_team_brown,58,0,11,1,1,0,2025-12-09 23:18:27.733,115184,-7.3459,6.6928,2.2604,-0.9907,-1.5708,False,True,Battle Rifle
Midship,           Rocky,_game_team_brown,58,0,11,1,1,0,2025-12-09 23:18:29.957,117407,-9.0014,3.5508,2.2786,-0.9152,-1.5708,False,True,Battle Rifle
Midship,           Rocky,_game_team_brown,58,0,11,1,1,0,2025-12-09 23:18:31.987,119437,-7.1504,-0.8696,1.4785,-0.6295,-1.5708,False,True,Battle Rifle
Midship,           Rocky,_game_team_brown,58,0,11,1,1,0,2025-12-09 23:18:34.010,121461,-5.8084,0.4026,2.6144,0.1133,-1.5708,False,True,Battle Rifle
Midship,           Rocky,_game_team_brown,58,0,11,1,1,0,2025-12-09 23:18:36.187,123637,-7.3031,-0.5592,1.4595,0.8693,-1.5708,False,True,Battle Rifle
Midship,           Rocky,_game_team_brown,58,0,11,1,1,0,2025-12-09 23:18:38.235,125686,-7.8988,3.5663,2.2542,0.8658,-1.5708,False,True,Battle Rifle
Midship,           Rocky,_game_team_brown,58,0,11,1,1,0,2025-12-09 23:18:40.865,128316,-9.2691,7.7497,2.2443,0.9378,-1.5708,False,True,Battle Rifle
Midship,           Rocky,_game_team_brown,58,0,11,1,1,0,2025-12-09 23:18:42.888,130338,-6.6199,9.9832,1.2522,0.6135,-1.5708,False,True,Battle Rifle
Midship,           Rocky,_game_team_brown,58,0,11,1,1,0,2025-12-09 23:18:44.985,132436,-6.5085,10.0251,1.2420,0.4769,-1.5708,False,True,Battle Rifle
Midship,           Rocky,_game_team_brown,58,0,11,1,1,0,2025-12-09 23:18:47.005,134455,-5.4178,11.9885,1.5620,0.6351,-1.5708,False,True,Battle Rifle
Midship,           Rocky,_game_team_brown,58,0,11,1,1,0,2025-12-09 23:18:49.028,136479,-2.8306,12.4968,3.6216,-0.5447,-1.5708,False,True,Battle Rifle
Midship,           Rocky,_game_team_brown,58,0,11,1,1,0,2025-12-09 23:18:51.276,138726,-0.3885,8.6138,-0.0119,-0.9895,-0.3368,False,True,Battle Rifle
Midship,           Rocky,_game_team_brown,58,0,11,1,1,0,2025-12-09 23:18:53.488,140938,-0.3429,4.8330,-0.9396,-0.2297,-0.4026,False,True,Shotgun
Midship,           Rocky,_game_team_brown,58,0,11,1,1,0,2025-12-09 23:18:55.514,142964,-4.4686,4.9600,-0.0984,0.1167,-1.5708,False,True,Battle Rifle
Midship,           Rocky,_game_team_brown,58,0,11,1,1,0,2025-12-09 23:18:57.701,145151,-9.0957,6.1926,1.1254,0.3075,-1.5708,False,True,Shotgun
Midship,           Rocky,_game_team_brown,58,0,11,1,1,0,2025-12-09 23:18:59.790,147240,-9.0801,7.0545,0.0635,0.0414,-1.5708,False,True,Shotgun
Midship,           Rocky,_game_team_brown,58,0,11,1,1,0,2025-12-09 23:19:01.887,149338,-6.6952,9.8537,1.2933,0.9931,-1.5708,False,True,Shotgun
Midship,           Rocky,_game_team_brown,58,0,11,1,1,0,2025-12-09 23:19:03.905,151355,-6.7615,9.9599,1.8552,-0.8427,-1.5708,False,True,Shotgun
Midship,           Rocky,_game_team_brown,58,0,11,1,1,0,2025-12-09 23:19:06.380,153831,-8.4228,7.7915,2.7490,-0.9982,-1.5708,False,True,Shotgun
Midship,           Rocky,_game_team_brown,58,0,11,1,1,0,2025-12-09 23:19:08.420,155871,-8.9158,3.3544,2.2739,-0.4334,-1.5708,False,True,Shotgun
Midship,           Rocky,_game_team_brown,58,0,11,1,1,0,2025-12-09 23:19:10.462,157912,-12.4881,3.0225,2.0086,0.9369,-1.5708,False,True,Shotgun
Midship,           Rocky,_game_team_brown,58,0,11,1,1,0,2025-12-09 23:19:12.894,160344,-12.6792,2.7791,0.0549,0.9991,-1.5708,False,True,Shotgun
Midship,           Rocky,_game_team_brown,58,0,11,1,1,0,2025-12-09 23:19:14.920,162370,-10.6816,2.2318,-0.0515,0.3328,-1.5708,False,True,Shotgun
Midship,           Rocky,_game_team_brown,58,0,11,1,1,0,2025-12-09 23:19:17.141,164591,-10.7797,2.2871,-0.0351,-0.4108,-1.5708,False,True,Shotgun
Midship,           Rocky,_game_team_brown,58,0,11,1,1,0,2025-12-09 23:19:19.198,166648,-12.7164,4.1954,1.8095,-0.9900,-1.5708,False,True,Shotgun
Midship,           Rocky,_game_team_brown,58,0,11,1,1,0,2025-12-09 23:19:21.237,168687,-10.4949,3.4181,-0.0284,0.7039,-1.5708,False,True,Shotgun
Midship,           Rocky,_game_team_brown,58,0,11,1,1,0,2025-12-09 23:19:23.513,170963,-8.1411,3.0212,-0.0344,0.9958,-1.5708,False,True,Battle Rifle
Midship,           Rocky,_game_team_brown,58,0,11,1,1,0,2025-12-09 23:19:25.682,173132,-8.1593,3.0292,-0.0303,0.9958,-1.5708,False,True,Battle Rifle
Midship,           Rocky,_game_team_brown,58,0,11,1,1,0,2025-12-09 23:19:27.828,175279,-7.8720,4.2636,-0.0349,0.9666,-1.5708,False,True,Battle Rifle
Midship,           Rocky,_game_team_brown,58,0,11,1,1,0,2025-12-09 23:19:29.949,177400,-6.7079,8.6471,0.8050,0.9666,-1.5708,False,True,Battle Rifle
Midship,           Rocky,_game_team_brown,58,0,11,1,1,0,2025-12-09 23:19:31.968,179418,-6.5057,8.9982,1.0378,0.9666,-1.5708,False,True,Battle Rifle
Midship,           Rocky,_game_team_brown,58,0,11,1,1,0,2025-12-09 23:19:35.334,182784,-6.5195,8.9565,1.0219,0.9666,-1.5708,False,True,Battle Rifle
Midship,s tier SIMON,_game_team_red,0,0,0,0,0,0,2025-12-09 23:18:21.190,108641,-12.4085,3.7299,0.1135,0.2445,-1.5708,True,True,Battle Rifle
Midship,s tier SIMON,_game_team_red,0,0,0,0,0,0,2025-12-09 23:18:23.215,110665,-12.4188,3.7289,0.0698,0.2445,-1.5708,True,True,Battle Rifle
Midship,s tier SIMON,_game_team_red,0,0,0,0,0,0,2025-12-09 23:18:25.414,112864,-12.4188,3.7289,0.0698,0.2445,-1.5708,True,True,Battle Rifle
Midship,s tier SIMON,_game_team_red,0,0,0,0,0,0,2025-12-09 23:18:27.733,115184,-12.4188,3.7289,0.0698,0.2445,-1.5708,True,True,Battle Rifle
Midship,s tier SIMON,_game_team_red,0,0,0,0,0,0,2025-12-09 23:18:29.957,117407,-12.4188,3.7289,0.0698,0.2445,-1.5708,True,True,Battle Rifle
Midship,s tier SIMON,_game_team_red,0,0,0,0,0,0,2025-12-09 23:18:31.987,119437,-12.4188,3.7289,0.0698,0.2445,-1.5708,True,True,Battle Rifle
Midship,s tier SIMON,_game_team_red,0,0,0,0,0,0,2025-12-09 23:18:34.010,121461,-12.4188,3.7289,0.0698,0.2445,-1.5708,True,True,Battle Rifle
Midship,s tier SIMON,_game_team_red,0,0,0,0,0,0,2025-12-09 23:18:36.187,123637,-12.4188,3.7289,0.0698,0.2445,-1.5708,True,True,Battle Rifle
Midship,s tier SIMON,_game_team_red,0,0,0,0,0,0,2025-12-09 23:18:38.235,125686,-12.4188,3.7289,0.0698,0.2445,-1.5708,True,True,Battle Rifle
Midship,s tier SIMON,_game_team_red,0,0,0,0,0,0,2025-12-09 23:18:40.865,128316,-12.4188,3.7289,0.0698,0.2445,-1.5708,True,True,Battle Rifle
Midship,s tier SIMON,_game_team_red,0,0,0,0,0,0,2025-12-09 23:18:42.888,130338,-12.4188,3.7289,0.0698,0.2445,-1.5708,True,True,Battle Rifle
Midship,s tier SIMON,_game_team_red,0,0,0,0,0,0,2025-12-09 23:18:44.985,132436,-12.4188,3.7289,0.0698,0.2445,-1.5708,True,True,Battle Rifle
Midship,s tier SIMON,_game_team_red,0,0,0,0,0,0,2025-12-09 23:18:47.005,134455,-12.4188,3.7289,0.0698,0.2445,-1.5708,True,True,Battle Rifle
Midship,s tier SIMON,_game_team_red,0,0,0,0,0,0,2025-12-09 23:18:49.028,136479,-12.4188,3.7289,0.0698,0.2445,-1.5708,True,True,Battle Rifle
Midship,s tier SIMON,_game_team_red,0,0,0,0,0,0,2025-12-09 23:18:51.276,138726,-12.4188,3.7289,0.0698,0.2445,-1.5708,True,True,Battle Rifle
Midship,s tier SIMON,_game_team_red,0,0,0,0,0,0,2025-12-09 23:18:53.488,140938,-12.4188,3.7289,0.0698,0.2445,-1.5708,True,True,Battle Rifle
Midship,s tier SIMON,_game_team_red,0,0,0,0,0,0,2025-12-09 23:18:55.514,142964,-12.4188,3.7289,0.0698,0.2445,-1.5708,True,True,Battle Rifle
Midship,s tier SIMON,_game_team_red,0,0,0,0,0,0,2025-12-09 23:18:57.701,145151,-12.4188,3.7289,0.0698,0.2445,-1.5708,True,True,Battle Rifle
Midship,s tier SIMON,_game_team_red,0,0,0,0,0,0,2025-12-09 23:18:59.790,147240,-12.4188,3.7289,0.0698,0.2445,-1.5708,True,True,Battle Rifle
Midship,s tier SIMON,_game_team_red,0,0,0,0,0,0,2025-12-09 23:19:01.887,149338,-12.4188,3.7289,0.0698,0.2445,-1.5708,True,True,Battle Rifle
Midship,s tier SIMON,_game_team_red,0,0,0,0,0,0,2025-12-09 23:19:03.905,151355,-12.4188,3.7289,0.0698,0.2445,-1.5708,True,True,Battle Rifle
Midship,s tier SIMON,_game_team_red,0,0,0,0,0,0,2025-12-09 23:19:06.380,153831,-12.4188,3.7289,0.0698,0.2445,-1.5708,True,True,Battle Rifle
Midship,s tier SIMON,_game_team_red,0,0,0,0,0,0,2025-12-09 23:19:08.420,155871,-11.3232,2.0089,2.8891,0.5524,-1.5708,True,True,Battle Rifle
Midship,s tier SIMON,_game_team_red,0,0,0,0,0,0,2025-12-09 23:19:10.462,157912,-11.5494,5.5980,2.3164,-0.8485,-1.5708,True,True,Battle Rifle
Midship,s tier SIMON,_game_team_red,0,0,0,0,0,0,2025-12-09 23:19:12.894,160344,-12.6426,5.9630,2.2412,-0.9321,-1.5708,True,True,Battle Rifle
Midship,s tier SIMON,_game_team_red,0,0,0,0,0,0,2025-12-09 23:19:14.920,162370,-12.9236,5.7831,2.1518,-0.6398,-1.5708,True,True,Battle Rifle
Midship,s tier SIMON,_game_team_red,0,0,0,0,0,0,2025-12-09 23:19:17.141,164591,-11.7900,5.2130,2.2785,-0.9238,-1.5708,True,True,Battle Rifle
Midship,s tier SIMON,_game_team_red,0,0,0,0,0,0,2025-12-09 23:19:19.198,166648,-11.8658,1.7554,1.4425,0.6671,-1.5708,True,True,Battle Rifle
Midship,s tier SIMON,_game_team_red,0,0,0,0,0,0,2025-12-09 23:19:21.237,168687,-10.3554,4.9988,3.3862,0.8926,-1.5708,True,True,Battle Rifle
Midship,s tier SIMON,_game_team_red,0,0,0,0,0,0,2025-12-09 23:19:23.513,170963,-8.4161,9.6228,1.6708,-0.8124,-1.5708,True,True,Battle Rifle
Midship,s tier SIMON,_game_team_red,0,0,0,0,0,0,2025-12-09 23:19:25.682,173132,-6.1295,12.9774,1.6274,0.5913,-1.5708,True,True,Battle Rifle
